Time,Speed,SOC,BatteryTemp,Throttle,Brake
0.277082,0,100,25,0,0
0.357864,0,100,25.02,0,0
0.440051,0,100,25.04,0,0
0.457712,0,100,25.06,0,0
0.476088,0,100,25.08,0,0
0.495974,0,100,25.1,0,0
0.513354,0,100,25.12,0,0
0.53066,0,100,25.14,0,0
0.547995,0,100,25.16,0,0
0.565382,0,100,25.18,0,0
0.582934,0,100,25.2,0,0
0.60053,0,100,25.22,0,0
0.618076,0,100,25.24,0,0
0.651209,0,100,25.26,0,0
0.6723,0,100,25.28,0,0
0.69049,0,100,25.3,0,0
0.708199,0,100,25.32,0,0
0.725791,0,100,25.34,0,0
0.743576,0,100,25.36,0,0
0.764983,0,100,25.38,0,0
0.782927,0,100,25.4,0,0
0.800898,0,100,25.42,0,0
0.818656,0,100,25.4399,0,0
0.836429,0,100,25.4599,0,0
0.85414,0,100,25.4799,0,0
0.871982,0,100,25.4999,0,0
0.889951,0,100,25.5199,0,0
0.907863,0,100,25.5399,0,0
0.92582,0,100,25.5599,0,0
0.943741,0,100,25.5799,0,0
0.96512,0,100,25.5999,0,0
0.982887,0,100,25.6199,0,0
1.00095,0,100,25.6399,0,0
1.01851,0,100,25.6599,0,0
1.03612,0,100,25.6799,0,0
1.0537,0,100,25.6999,0,0
1.07136,0,100,25.7199,0,0
1.08886,0,100,25.7399,0,0
1.1065,0,100,25.7598,0,0
1.12404,0,100,25.7798,0,0
1.14172,0,100,25.7998,0,0
1.15928,0,100,25.8198,0,0
1.17685,0,100,25.8398,0,0
1.19887,0,100,25.8598,0,0
1.21825,0,100,25.8798,0,0
1.2358,0,100,25.8998,0,0
1.25339,0,100,25.9198,0,0
1.27094,0,100,25.9398,0,0
1.2885,0,100,25.9598,0,0
1.30625,0,100,25.9797,0,0
1.32394,0,100,25.9997,0,0
1.34304,0,100,26.0197,0,0
1.36591,0,100,26.0397,0,0
1.38555,0,100,26.0597,0,0
1.40309,0,100,26.0797,0,0
1.42068,0,100,26.0997,0,0
1.43823,0,100,26.1197,0,0
1.45582,0,100,26.1396,0,0
1.47338,0,100,26.1596,0,0
1.49093,0,100,26.1796,0,0
1.50859,0,100,26.1996,0,0
1.52628,0,100,26.2196,0,0
1.54991,0,100,26.2396,0,0
1.56769,0,100,26.2596,0,0
1.58521,0,100,26.2796,0,0
1.60274,0,100,26.2995,0,0
1.62043,0,100,26.3195,0,0
1.63823,0,100,26.3395,0,0
1.65598,0,100,26.3595,0,0
1.67338,0,100,26.3795,0,0
1.69109,0,100,26.3995,0,0
1.70887,0,100,26.4195,0,0
1.72659,0,100,26.4394,0,0
1.74419,0,100,26.4594,0,0
1.76711,0,100,26.4794,0,0
1.78475,0,100,26.4994,0,0
1.80236,0,100,26.5194,0,0
1.82001,0,100,26.5394,0,0
1.83843,0,100,26.5593,0,0
1.85605,0,100,26.5793,0,0
1.87371,0,100,26.5993,0,0
1.89138,0,100,26.6193,0,0
1.90903,0,100,26.6393,0,0
1.92669,0,100,26.6593,0,0
1.94836,0,100,26.6792,0,0
1.96747,0,100,26.6992,0,0
1.98499,0,100,26.7192,0,0
2.0025,0,100,26.7392,0,0
2.02021,0,100,26.7592,0,0
2.03819,0,100,26.7791,0,0
2.05581,0,100,26.7991,0,0
2.07345,0,100,26.8191,0,0
2.09022,0,100,26.8391,0,0
2.10787,0,100,26.8591,0,0
2.12552,0,100,26.879,0,0
2.14308,0,100,26.899,0,0
2.16564,0,100,26.919,0,0
2.18291,0,100,26.939,0,0
2.20059,0,100,26.959,0,0
2.21828,0,100,26.9789,0,0
2.23575,0,100,26.9989,0,0
2.25397,0,100,27.0189,0,0
2.27138,0,100,27.0389,0,0
2.2889,0,100,27.0589,0,0
2.30662,0,100,27.0788,0,0
2.33118,0,100,27.0988,0,0
2.3488,0,100,27.1188,0,0
2.36531,0,100,27.1388,0,0
2.38284,0,100,27.1587,0,0
2.40518,0,100,27.1787,0,0
2.42262,0,100,27.1987,0,0
2.4401,0,100,27.2187,0,0
2.45773,0,100,27.2386,0,0
2.47544,0,100,27.2586,0,0
2.49309,0,100,27.2786,0,0
2.51524,0,100,27.2986,0,0
2.53491,0,100,27.3185,0,0
2.55251,0,100,27.3385,0,0
2.56985,0,100,27.3585,0,0
2.5876,0,100,27.3785,0,0
2.60526,0,100,27.3984,0,0
2.6228,0,100,27.4184,0,0
2.64042,0,100,27.4384,0,0
2.65811,0,100,27.4584,0,0
2.67581,0,100,27.4783,0,0
2.69349,0,100,27.4983,0,0
2.71492,0,100,27.5183,0,0
2.73698,0,100,27.5382,0,0
2.75465,0,100,27.5582,0,0
2.7724,0,100,27.5782,0,0
2.79014,0,100,27.5982,0,0
2.80785,0,100,27.6181,0,0
2.82548,0,100,27.6381,0,0
2.84313,0,100,27.6581,0,0
2.86629,0,100,27.678,0,0
2.8839,0,100,27.698,0,0
2.90172,0,100,27.718,0,0
2.91922,0,100,27.7379,0,0
2.93669,0,100,27.7579,0,0
2.95437,0,100,27.7779,0,0
2.97209,0,100,27.7979,0,0
2.98975,0,100,27.8178,0,0
3.00726,0,100,27.8378,0,0
3.02489,0,100,27.8578,0,0
3.04272,0,100,27.8777,0,0
3.06612,0,100,27.8977,0,0
3.08373,0,100,27.9177,0,0
3.10126,0,100,27.9376,0,0
3.11871,0,100,27.9576,0,0
3.13617,0,100,27.9776,0,0
3.15373,0,100,27.9975,0,0
3.1728,0,100,28.0175,0,0
3.1905,0,100,28.0375,0,0
3.20816,0,100,28.0574,0,0
3.2259,0,100,28.0774,0,0
3.24361,0,100,28.0974,0,0
3.26548,0,100,28.1174,0,0
3.28431,0,100,28.1373,0,0
3.30187,0,100,28.1573,0,0
3.31941,0,100,28.1772,0,0
3.33706,0,100,28.1972,0,0
3.35501,0,100,28.2172,0,0
3.37263,0,100,28.2371,0,0
3.39023,0,100,28.2571,0,0
3.40785,0,100,28.2771,0,0
3.42553,0,100,28.297,0,0
3.44316,0,100,28.317,0,0
3.46562,0,100,28.337,0,0
3.48325,0,100,28.3569,0,0
3.50091,0,100,28.3769,0,0
3.51865,0,100,28.3969,0,0
3.53618,0,100,28.4168,0,0
3.55371,0,100,28.4368,0,0
3.57139,0,100,28.4567,0,0
3.58917,0,100,28.4767,0,0
3.60684,0,100,28.4967,0,0
3.6246,0,100,28.5166,0,0
3.64244,0,100,28.5366,0,0
3.66017,0,100,28.5566,0,0
3.68092,0,100,28.5765,0,0
3.70051,0,100,28.5965,0,0
3.71824,0,100,28.6164,0,0
3.73579,0,100,28.6364,0,0
3.75344,0,100,28.6564,0,0
3.77109,0,100,28.6763,0,0
3.78885,0,100,28.6963,0,0
3.80657,0,100,28.7162,0,0
3.82424,0,100,28.7362,0,0
3.8414,0,100,28.7562,0,0
3.85905,0,100,28.7761,0,0
3.87684,0,100,28.7961,0,0
3.89864,0,100,28.816,0,0
3.9163,0,100,28.836,0,0
3.93298,0,100,28.8559,0,0
3.95075,0,100,28.8759,0,0
3.96833,0,100,28.8959,0,0
3.98547,0,100,28.9158,0,0
4.00215,0,100,28.9358,0,0
4.01962,0,100,28.9557,0,0
4.0372,0,100,28.9757,0,0
4.05472,0,100,28.9957,0,0
4.07296,0,100,29.0156,0,0
4.09063,0,100,29.0356,0,0
4.10808,0,100,29.0555,0,0
4.12587,0,100,29.0755,0,0
4.14355,0,100,29.0955,0,0
4.16619,0,100,29.1154,0,0
4.18384,0,100,29.1354,0,0
4.20144,0,100,29.1553,0,0
4.21899,0,100,29.1753,0,0
4.23661,0,100,29.1952,0,0
4.25415,0,100,29.2152,0,0
4.27138,0,100,29.2351,0,0
4.2891,0,100,29.2551,0,0
4.30676,0,100,29.275,0,0
4.32405,0,100,29.295,0,0
4.34161,0,100,29.315,0,0
4.35923,0,100,29.3349,0,0
4.37683,0,100,29.3549,0,0
4.40074,0,100,29.3748,0,0
4.41831,0,100,29.3948,0,0
4.43525,0,100,29.4147,0,0
4.45275,0,100,29.4347,0,0
4.47023,0,100,29.4546,0,0
4.48791,0,100,29.4746,0,0
4.50579,0,100,29.4945,0,0
4.52335,0,100,29.5145,0,0
4.54081,0,100,29.5344,0,0
4.55823,0,100,29.5544,0,0
4.57563,0,100,29.5743,0,0
4.59303,0,100,29.5943,0,0
4.61458,0,100,29.6142,0,0
4.63361,0,100,29.6342,0,0
4.65103,0,100,29.6541,0,0
4.66849,0,100,29.6741,0,0
4.68598,0,100,29.694,0,0
4.70347,0,100,29.714,0,0
4.72092,0,100,29.7339,0,0
4.73842,0,100,29.7539,0,0
4.75605,0,100,29.7738,0,0
4.77353,0,100,29.7938,0,0
4.79117,0,100,29.8137,0,0
4.80874,0,100,29.8337,0,0
4.82634,0,100,29.8536,0,0
4.84746,0,100,29.8736,0,0
4.86546,0,100,29.8935,0,0
4.8831,0,100,29.9135,0,0
4.9011,0,100,29.9334,0,0
4.91865,0,100,29.9534,0,0
4.93622,0,100,29.9733,0,0
4.95385,0,100,29.9932,0,0
4.97302,0,100,30.0132,0,0
4.99079,0,100,30.0331,0,0
5.0076,0,100,30.0531,0,0
5.02536,0,100,30.073,0,0
5.04311,0,100,30.093,0,0
5.06666,0,100,30.1129,0,0
5.08433,0,100,30.1328,0,0
5.10186,0,100,30.1528,0,0
5.11946,0,100,30.1727,0,0
5.13698,0,100,30.1927,0,0
5.1546,0,100,30.2126,0,0
5.17289,0,100,30.2326,0,0
5.19051,0,100,30.2525,0,0
5.2082,0,100,30.2725,0,0
5.2259,0,100,30.2924,0,0
5.24349,0,100,30.3123,0,0
5.26677,0,100,30.3323,0,0
5.28445,0,100,30.3522,0,0
5.30202,0,100,30.3722,0,0
5.3196,0,100,30.3921,0,0
5.3374,0,100,30.412,0,0
5.35503,0,100,30.432,0,0
5.37271,0,100,30.4519,0,0
5.39029,0,100,30.4719,0,0
5.4079,0,100,30.4918,0,0
5.4256,0,100,30.5118,0,0
5.44331,0,100,30.5317,0,0
5.46589,0,100,30.5516,0,0
5.48355,0,100,30.5716,0,0
5.50131,0,100,30.5915,0,0
5.51895,0,100,30.6114,0,0
5.53653,0,100,30.6314,0,0
5.55425,0,100,30.6513,0,0
5.57201,0,100,30.6713,0,0
5.58971,0,100,30.6912,0,0
5.6074,0,100,30.7111,0,0
5.62502,0,100,30.7311,0,0
5.64295,0,100,30.751,0,0
5.66484,0,100,30.771,0,0
5.68241,0,100,30.7909,0,0
5.69987,0,100,30.8108,0,0
5.71739,0,100,30.8308,0,0
5.73511,0,100,30.8507,0,0
5.75198,0,100,30.8706,0,0
5.76952,0,100,30.8906,0,0
5.7871,0,100,30.9105,0,0
5.80471,0,100,30.9305,0,0
5.8223,0,100,30.9504,0,0
5.83988,0,100,30.9703,0,0
5.8573,0,100,30.9903,0,0
5.87501,0,100,31.0102,0,0
5.89277,0,100,31.0301,0,0
5.90962,0,100,31.0501,0,0
5.93283,0,100,31.07,0,0
5.9505,0,100,31.0899,0,0
5.96818,0,100,31.1099,0,0
5.98572,0,100,31.1298,0,0
6.00325,0,100,31.1497,0,0
6.02093,0,100,31.1697,0,0
6.03863,0,100,31.1896,0,0
6.05635,0,100,31.2095,0,0
6.07413,0,100,31.2295,0,0
6.09087,0,100,31.2494,0,0
6.10859,0,100,31.2694,0,0
6.12624,0,100,31.2893,0,0
6.14808,0,100,31.3092,0,0
6.16751,0,100,31.3291,0,0
6.18526,0,100,31.3491,0,0
6.20294,0,100,31.369,0,0
6.22066,0,100,31.3889,0,0
6.23831,0,100,31.4089,0,0
6.25597,0,100,31.4288,0,0
6.27356,0,100,31.4487,0,0
6.29123,0,100,31.4687,0,0
6.30905,0,100,31.4886,0,0
6.32675,0,100,31.5085,0,0
6.34864,0,100,31.5284,0,0
6.36719,0,100,31.5484,0,0
6.38478,0,100,31.5683,0,0
6.40294,0,100,31.5882,0,0
6.4205,0,100,31.6081,0,0
6.43805,0,100,31.6281,0,0
6.45573,0,100,31.648,0,0
6.47353,0,100,31.6679,0,0
6.49125,0,100,31.6879,0,0
6.50894,0,100,31.7078,0,0
6.52665,0,100,31.7277,0,0
6.54856,0,100,31.7476,0,0
6.56728,0,100,31.7676,0,0
6.58466,0,100,31.7875,0,0
6.60222,0,100,31.8074,0,0
6.61994,0,100,31.8273,0,0
6.63762,0,100,31.8473,0,0
6.65538,0,100,31.8672,0,0
6.6731,0,100,31.8871,0,0
6.69082,0,100,31.907,0,0
6.70847,0,100,31.927,0,0
6.72612,0,100,31.9469,0,0
6.74281,0,100,31.9668,0,0
6.76027,0,100,31.9868,0,0
6.78178,0,100,32.0067,0,0
6.79998,0,100,32.0266,0,0
6.81742,0,100,32.0465,0,0
6.83486,0,100,32.0664,0,0
6.85227,0,100,32.0864,0,0
6.86974,0,100,32.1063,0,0
6.88715,0,100,32.1262,0,0
6.90459,0,100,32.1461,0,0
6.92206,0,100,32.1661,0,0
6.93962,0,100,32.186,0,0
6.95713,0,100,32.2059,0,0
6.9738,0,100,32.2258,0,0
6.99148,0,100,32.2458,0,0
7.00825,0,100,32.2657,0,0
7.02586,0,100,32.2856,0,0
7.04353,0,100,32.3055,0,0
7.06755,0,100,32.3255,0,0
7.0851,0,100,32.3454,0,0
7.10263,0,100,32.3653,0,0
7.12018,0,100,32.3852,0,0
7.13782,0,100,32.4051,0,0
7.15541,0,100,32.425,0,0
7.17301,0,100,32.445,0,0
7.19065,0,100,32.4649,0,0
7.20803,0,100,32.4848,0,0
7.2256,0,100,32.5047,0,0
7.24316,0,100,32.5247,0,0
7.26658,0,100,32.5446,0,0
7.2843,0,100,32.5645,0,0
7.30195,0,100,32.5844,0,0
7.31965,0,100,32.6043,0,0
7.3373,0,100,32.6242,0,0
7.35501,0,100,32.6441,0,0
7.37259,0,100,32.6641,0,0
7.39127,0,100,32.684,0,0
7.40887,0,100,32.7039,0,0
7.42647,0,100,32.7238,0,0
7.44582,0,100,32.7437,0,0
7.46372,0,100,32.7636,0,0
7.48123,0,100,32.7836,0,0
7.49937,0,100,32.8035,0,0
7.51705,0,100,32.8234,0,0
7.54593,0,100,32.8433,0,0
7.56427,0,100,32.8632,0,0
7.58184,0,100,32.8831,0,0
7.59951,0,100,32.903,0,0
7.61791,0,100,32.9229,0,0
7.63548,0,100,32.9428,0,0
7.65317,0,100,32.9628,0,0
7.67091,0,100,32.9827,0,0
7.6885,0,100,33.0026,0,0
7.70619,0,100,33.0225,0,0
7.72375,0,100,33.0424,0,0
7.74141,0,100,33.0623,0,0
7.75863,0,100,33.0822,0,0
7.77629,0,100,33.1022,0,0
7.79919,0,100,33.1221,0,0
7.81688,0,100,33.142,0,0
7.83452,0,100,33.1619,0,0
7.85213,0,100,33.1818,0,0
7.8698,0,100,33.2017,0,0
7.88747,0,100,33.2216,0,0
7.90541,0,100,33.2415,0,0
7.92318,0,100,33.2614,0,0
7.94092,0,100,33.2814,0,0
7.95872,0,100,33.3013,0,0
7.97647,0,100,33.3212,0,0
8.00067,0,100,33.3411,0,0
8.0183,0,100,33.361,0,0
8.03598,0,100,33.3809,0,0
8.05356,0,100,33.4008,0,0
8.07133,0,100,33.4207,0,0
8.08901,0,100,33.4406,0,0
8.10684,0,100,33.4605,0,0
8.12453,0,100,33.4804,0,0
8.14208,0,100,33.5003,0,0
8.15979,0,100,33.5203,0,0
8.18135,0,100,33.5402,0,0
8.19843,0,100,33.5601,0,0
8.21619,0,100,33.58,0,0
8.23451,0,100,33.5999,0,0
8.25215,0,100,33.6198,0,0
8.26974,0,100,33.6397,0,0
8.28792,0,100,33.6596,0,0
8.30565,0,100,33.6795,0,0
8.32341,0,100,33.6994,0,0
8.34115,0,100,33.7193,0,0
8.359,0,100,33.7392,0,0
8.37699,0,100,33.7591,0,0
8.40719,0,100,33.779,0,0
8.42474,0,100,33.7989,0,0
8.44242,0,100,33.8188,0,0
8.45997,0,100,33.8387,0,0
8.47969,0,100,33.8586,0,0
8.49762,0,100,33.8785,0,0
8.51552,0,100,33.8984,0,0
8.53317,0,100,33.9183,0,0
8.55059,0,100,33.9382,0,0
8.56811,0,100,33.9581,0,0
8.58568,0,100,33.978,0,0
8.60318,0,100,33.9979,0,0
8.62223,0,100,34.0178,0,0
8.63999,0,100,34.0377,0,0
8.65765,0,100,34.0576,0,0
8.67543,0,100,34.0775,0,0
8.69327,0,100,34.0974,0,0
8.71548,0,100,34.1173,0,0
8.73314,0,100,34.1372,0,0
8.75078,0,100,34.1571,0,0
8.76871,0,100,34.177,0,0
8.78624,0,100,34.1969,0,0
8.8038,0,100,34.2168,0,0
8.82143,0,100,34.2367,0,0
8.83908,0,100,34.2566,0,0
8.85664,0,100,34.2765,0,0
8.87447,0,100,34.2964,0,0
8.89208,0,100,34.3163,0,0
8.90989,0,100,34.3362,0,0
8.93004,0,100,34.3561,0,0
8.94742,0,100,34.376,0,0
8.96519,0,100,34.3959,0,0
8.983,0,100,34.4158,0,0
9.00074,0,100,34.4357,0,0
9.01849,0,100,34.4556,0,0
9.03612,0,100,34.4755,0,0
9.05395,0,100,34.4954,0,0
9.07159,0,100,34.5153,0,0
9.08922,0,100,34.5352,0,0
9.10713,0,100,34.5551,0,0
9.12486,0,100,34.575,0,0
9.14266,0,100,34.5949,0,0
9.164,0,100,34.6148,0,0
9.18228,0,100,34.6347,0,0
9.19989,0,100,34.6546,0,0
9.21766,0,100,34.6745,0,0
9.23537,0,100,34.6944,0,0
9.25311,0,100,34.7143,0,0
9.27077,0,100,34.7342,0,0
9.28841,0,100,34.7541,0,0
9.3066,0,100,34.774,0,0
9.32452,0,100,34.7939,0,0
9.34237,0,100,34.8138,0,0
9.36005,0,100,34.8337,0,0
9.38309,0,100,34.8535,0,0
9.40091,0,100,34.8734,0,0
9.41876,0,100,34.8933,0,0
9.43652,0,100,34.9132,0,0
9.45418,0,100,34.9331,0,0
9.47185,0,100,34.953,0,0
9.48952,0,100,34.9729,0,0
9.50721,0,100,34.9928,0,0
9.52489,0,100,35.0127,0,0
9.54238,0,100,35.0326,0,0
9.55984,0,100,35.0525,0,0
9.58228,0,100,35.0723,0,0
9.59972,0,100,35.0922,0,0
9.61719,0,100,35.1121,0,0
9.63464,0,100,35.132,0,0
9.65207,0,100,35.1519,0,0
9.66952,0,100,35.1718,0,0
9.68705,0,100,35.1917,0,0
9.70446,0,100,35.2116,0,0
9.72209,0,100,35.2315,0,0
9.7396,0,100,35.2514,0,0
9.75713,0,100,35.2713,0,0
9.77447,0,100,35.2911,0,0
9.79192,0,100,35.311,0,0
9.80978,0,100,35.3309,0,0
9.83116,0,100,35.3508,0,0
9.84912,0,100,35.3707,0,0
9.8669,0,100,35.3906,0,0
9.88438,0,100,35.4105,0,0
9.90186,0,100,35.4304,0,0
9.91926,0,100,35.4503,0,0
9.93663,0,100,35.4701,0,0
9.954,0,100,35.49,0,0
9.97206,0,100,35.5099,0,0
9.98943,0,100,35.5298,0,0
10.0067,0,100,35.5497,0,0
10.0294,0,100,35.5696,0,0
10.0525,0,100,35.5894,0,0
10.0699,0,100,35.6093,0,0
10.0875,0,100,35.6292,0,0
10.1055,0,100,35.6491,0,0
10.123,0,100,35.669,0,0
10.141,0,100,35.6888,0,0
10.1587,0,100,35.7087,0,0
10.1769,0,100,35.7286,0,0
10.1969,0,100,35.7485,0,0
10.2146,0,100,35.7684,0,0
10.2333,0,100,35.7883,0,0
10.2508,0,100,35.8081,0,0
10.2686,0,100,35.828,0,0
10.286,0,100,35.8479,0,0
10.3035,0,100,35.8678,0,0
10.321,0,100,35.8877,0,0
10.339,0,100,35.9076,0,0
10.3566,0,100,35.9274,0,0
10.3742,0,100,35.9473,0,0
10.3995,0,100,35.9672,0,0
10.4171,0,100,35.987,0,0
10.4346,0,100,36.0069,0,0
10.4515,0,100,36.0268,0,0
10.4692,0,100,36.0467,0,0
10.4869,0,100,36.0666,0,0
10.5042,0,100,36.0865,0,0
10.5216,0,100,36.1064,0,0
10.5389,0,100,36.1262,0,0
10.5563,0,100,36.1461,0,0
10.5736,0,100,36.166,0,0
10.591,0,100,36.1859,0,0
10.6089,0,100,36.2058,0,0
10.6269,0,100,36.2257,0,0
10.6478,0,100,36.2455,0,0
10.6657,0,100,36.2654,0,0
10.6832,0,100,36.2853,0,0
10.7003,0,100,36.3052,0,0
10.7179,0,100,36.325,0,0
10.7355,0,100,36.3449,0,0
10.753,0,100,36.3648,0,0
10.7709,0,100,36.3847,0,0
10.7892,0,100,36.4046,0,0
10.8095,0,100,36.4244,0,0
10.8315,0,100,36.4443,0,0
10.8497,0,100,36.4641,0,0
10.8671,0,100,36.484,0,0
10.8846,0,100,36.5039,0,0
10.9019,0,100,36.5238,0,0
10.9194,0,100,36.5437,0,0
10.9368,0,100,36.5635,0,0
10.9542,0,100,36.5834,0,0
10.9716,0,100,36.6033,0,0
10.9891,0,100,36.6232,0,0
11.0067,0,100,36.643,0,0
11.0234,0,100,36.6629,0,0
11.0409,0,100,36.6828,0,0
11.0591,0,100,36.7027,0,0
11.0767,0,100,36.7226,0,0
11.097,0,100,36.7424,0,0
11.1148,0,100,36.7623,0,0
11.1331,0,100,36.7822,0,0
11.1505,0,100,36.802,0,0
11.1683,0,100,36.8219,0,0
11.1862,0,100,36.8418,0,0
11.204,0,100,36.8617,0,0
11.2222,0,100,36.8815,0,0
11.2397,0,100,36.9014,0,0
11.2571,0,100,36.9213,0,0
11.2749,0,100,36.9411,0,0
11.2925,0,100,36.961,0,0
11.31,0,100,36.9809,0,0
11.3307,0,100,37.0008,0,0
11.3483,0,100,37.0206,0,0
11.366,0,100,37.0405,0,0
11.3836,0,100,37.0604,0,0
11.4013,0,100,37.0802,0,0
11.4188,0,100,37.1001,0,0
11.4363,0,100,37.12,0,0
11.4538,0,100,37.1399,0,0
11.4703,0,100,37.1597,0,0
11.4869,0,100,37.1796,0,0
11.5043,0,100,37.1995,0,0
11.5218,0,100,37.2194,0,0
11.5393,0,100,37.2392,0,0
11.5569,0,100,37.2591,0,0
11.5747,0,100,37.279,0,0
11.5922,0,100,37.2988,0,0
11.6096,0,100,37.3187,0,0
11.6312,0,100,37.3386,0,0
11.6492,0,100,37.3584,0,0
11.6671,0,100,37.3783,0,0
11.6849,0,100,37.3982,0,0
11.7025,0,100,37.418,0,0
11.7205,0,100,37.4379,0,0
11.7383,0,100,37.4578,0,0
11.7561,0,100,37.4776,0,0
11.774,0,100,37.4975,0,0
11.7919,0,100,37.5174,0,0
11.8096,0,100,37.5372,0,0
11.8298,0,100,37.5571,0,0
11.8477,0,100,37.5769,0,0
11.8652,0,100,37.5968,0,0
11.8827,0,100,37.6167,0,0
11.9002,0,100,37.6365,0,0
11.9175,0,100,37.6564,0,0
11.9347,0,100,37.6763,0,0
11.9519,0,100,37.6961,0,0
11.9691,0,100,37.716,0,0
11.9865,0,100,37.7359,0,0
12.0039,0,100,37.7557,0,0
12.0213,0,100,37.7756,0,0
12.0389,0,100,37.7955,0,0
12.0564,0,100,37.8153,0,0
12.0739,0,100,37.8352,0,0
12.0915,0,100,37.8551,0,0
12.109,0,100,37.8749,0,0
12.1264,0,100,37.8948,0,0
12.1483,0,100,37.9147,0,0
12.1661,0,100,37.9345,0,0
12.1843,0,100,37.9544,0,0
12.202,0,100,37.9742,0,0
12.2199,0,100,37.9941,0,0
12.2377,0,100,38.0139,0,0
12.2555,0,100,38.0338,0,0
12.2733,0,100,38.0537,0,0
12.2911,0,100,38.0735,0,0
12.3089,0,100,38.0934,0,0
12.3266,0,100,38.1132,0,0
12.349,0,100,38.1331,0,0
12.3668,0,100,38.1529,0,0
12.3845,0,100,38.1728,0,0
12.4023,0,100,38.1926,0,0
12.4209,0,100,38.2125,0,0
12.4387,0,100,38.2324,0,0
12.4562,0,100,38.2522,0,0
12.4738,0,100,38.2721,0,0
12.4914,0,100,38.2919,0,0
12.5091,0,100,38.3118,0,0
12.5261,0,100,38.3317,0,0
12.5466,0,100,38.3515,0,0
12.5644,0,100,38.3714,0,0
12.5818,0,100,38.3912,0,0
12.5998,0,100,38.4111,0,0
12.6175,0,100,38.4309,0,0
12.6353,0,100,38.4508,0,0
12.6531,0,100,38.4706,0,0
12.6709,0,100,38.4905,0,0
12.6887,0,100,38.5103,0,0
12.7064,0,100,38.5302,0,0
12.7241,0,100,38.5501,0,0
12.7417,0,100,38.5699,0,0
12.7592,0,100,38.5898,0,0
12.7767,0,100,38.6096,0,0
12.7968,0,100,38.6295,0,0
12.8159,0,100,38.6493,0,0
12.8333,0,100,38.6692,0,0
12.8508,0,100,38.689,0,0
12.8682,0,100,38.7089,0,0
12.8859,0,100,38.7287,0,0
12.9036,0,100,38.7486,0,0
12.9213,0,100,38.7684,0,0
12.939,0,100,38.7883,0,0
12.9568,0,100,38.8081,0,0
12.975,0,100,38.828,0,0
12.9926,0,100,38.8478,0,0
13.0101,0,100,38.8677,0,0
13.0295,0,100,38.8876,0,0
13.0476,0,100,38.9074,0,0
13.0654,0,100,38.9272,0,0
13.0829,0,100,38.9471,0,0
13.1006,0,100,38.9669,0,0
13.1181,0,100,38.9868,0,0
13.1357,0,100,39.0066,0,0
13.1533,0,100,39.0265,0,0
13.1711,0,100,39.0464,0,0
13.1886,0,100,39.0662,0,0
13.2061,0,100,39.0861,0,0
13.2237,0,100,39.1059,0,0
13.2412,0,100,39.1258,0,0
13.2588,0,100,39.1456,0,0
13.2767,0,100,39.1655,0,0
13.2964,0,100,39.1853,0,0
13.314,0,100,39.2051,0,0
13.3317,0,100,39.225,0,0
13.3488,0,100,39.2448,0,0
13.3663,0,100,39.2647,0,0
13.3837,0,100,39.2845,0,0
13.4051,0,100,39.3044,0,0
13.4258,0,100,39.3242,0,0
13.4463,0,100,39.344,0,0
13.4633,0,100,39.3639,0,0
13.4811,0,100,39.3837,0,0
13.4987,0,100,39.4036,0,0
13.5152,0,100,39.4234,0,0
13.5327,0,100,39.4433,0,0
13.5499,0,100,39.4631,0,0
13.5674,0,100,39.483,0,0
13.5848,0,100,39.5028,0,0
13.6023,0,100,39.5227,0,0
13.6197,0,100,39.5425,0,0
13.6371,0,100,39.5623,0,0
13.6546,0,100,39.5822,0,0
13.672,0,100,39.602,0,0
13.6904,0,100,39.6219,0,0
13.7079,0,100,39.6417,0,0
13.7249,0,100,39.6616,0,0
13.7424,0,100,39.6814,0,0
13.76,0,100,39.7013,0,0
13.7807,0,100,39.7211,0,0
13.8003,0,100,39.7409,0,0
13.8178,0,100,39.7608,0,0
13.8352,0,100,39.7806,0,0
13.8527,0,100,39.8005,0,0
13.8702,0,100,39.8203,0,0
13.8878,0,100,39.8401,0,0
13.9051,0,100,39.86,0,0
13.9225,0,100,39.8798,0,0
13.9399,0,100,39.8997,0,0
13.9573,0,100,39.9195,0,0
13.9747,0,100,39.9394,0,0
13.9921,0,100,39.9592,0,0
14.0095,0,100,39.9791,0,0
14.0291,0,100,39.9989,0,0
14.0489,0,100,40.0187,0,0
14.0664,0,100,40.0385,0,0
14.0839,0,100,40.0584,0,0
14.1014,0,100,40.0782,0,0
14.1197,0,100,40.0981,0,0
14.1373,0,100,40.1179,0,0
14.1556,0,100,40.1377,0,0
14.1731,0,100,40.1576,0,0
14.1899,0,100,40.1774,0,0
14.2073,0,100,40.1973,0,0
14.2248,0,100,40.2171,0,0
14.2423,0,100,40.2369,0,0
14.2597,0,100,40.2568,0,0
14.2771,0,100,40.2766,0,0
14.2945,0,100,40.2965,0,0
14.3157,0,100,40.3163,0,0
14.3331,0,100,40.3361,0,0
14.351,0,100,40.356,0,0
14.3685,0,100,40.3758,0,0
14.3859,0,100,40.3956,0,0
14.4034,0,100,40.4155,0,0
14.4208,0,100,40.4353,0,0
14.4383,0,100,40.4551,0,0
14.4558,0,100,40.475,0,0
14.4732,0,100,40.4948,0,0
14.4907,0,100,40.5147,0,0
14.5082,0,100,40.5345,0,0
14.5251,0,100,40.5543,0,0
14.5434,0,100,40.5742,0,0
14.5642,0,100,40.594,0,0
14.5819,0,100,40.6138,0,0
14.5995,0,100,40.6336,0,0
14.6169,0,100,40.6535,0,0
14.6344,0,100,40.6733,0,0
14.6517,0,100,40.6931,0,0
14.669,0,100,40.713,0,0
14.6864,0,100,40.7328,0,0
14.7037,0,100,40.7527,0,0
14.721,0,100,40.7725,0,0
14.7384,0,100,40.7923,0,0
14.7558,0,100,40.8122,0,0
14.7724,0,100,40.832,0,0
14.7895,0,100,40.8518,0,0
14.807,0,100,40.8717,0,0
14.8244,0,100,40.8915,0,0
14.8422,0,100,40.9113,0,0
14.8596,0,100,40.9312,0,0
14.8769,0,100,40.951,0,0
14.8973,0,100,40.9708,0,0
14.9148,0,100,40.9906,0,0
14.9321,0,100,41.0105,0,0
14.9495,0,100,41.0303,0,0
14.9668,0,100,41.0501,0,0
14.984,0,100,41.07,0,0
15.0015,0,100,41.0898,0,0
15.0184,0,100,41.1096,0,0
15.0349,0,100,41.1295,0,0
15.0514,0,100,41.1493,0,0
15.0687,0,100,41.1692,0,0
15.0856,0,100,41.189,0,0
15.1021,0,100,41.2088,0,0
15.1196,0,100,41.2287,0,0
15.1364,0,100,41.2485,0,0
15.1538,0,100,41.2683,0,0
15.1713,0,100,41.2882,0,0
15.1887,0,100,41.308,0,0
15.2061,0,100,41.3278,0,0
15.2235,0,100,41.3476,0,0
15.241,0,100,41.3675,0,0
15.2585,0,100,41.3873,0,0
15.2759,0,100,41.4071,0,0
15.2933,0,100,41.427,0,0
15.3162,0,100,41.4468,0,0
15.3337,0,100,41.4666,0,0
15.3511,0,100,41.4864,0,0
15.3685,0,100,41.5062,0,0
15.3861,0,100,41.5261,0,0
15.4037,0,100,41.5459,0,0
15.422,0,100,41.5657,0,0
15.4396,0,100,41.5855,0,0
15.4571,0,100,41.6053,0,0
15.4747,0,100,41.6252,0,0
15.493,0,100,41.645,0,0
15.5165,0,100,41.6648,0,0
15.5343,0,100,41.6846,0,0
15.5525,0,100,41.7044,0,0
15.5709,0,100,41.7242,0,0
15.5896,0,100,41.744,0,0
15.6079,0,100,41.7638,0,0
15.6271,0,100,41.7837,0,0
15.6498,0,100,41.8035,0,0
15.6682,0,100,41.8232,0,0
15.687,0,100,41.843,0,0
15.7057,0,100,41.8629,0,0
15.7249,0,100,41.8827,0,0
15.7441,0,100,41.9025,0,0
15.7632,0,100,41.9223,0,0
15.785,0,100,41.9421,0,0
15.8038,0,100,41.9619,0,0
15.8228,0,100,41.9817,0,0
15.842,0,100,42.0015,0,0
15.8612,0,100,42.0213,0,0
15.8851,0,100,42.0411,0,0
15.9039,0,100,42.0608,0,0
15.9226,0,100,42.0807,0,0
15.9414,0,100,42.1005,0,0
15.9595,0,100,42.1203,0,0
15.9841,0,100,42.1401,0,0
16.0018,0,100,42.1598,0,0
16.02,0,100,42.1796,0,0
16.0386,0,100,42.1995,0,0
16.0564,0,100,42.2193,0,0
16.074,0,100,42.2391,0,0
16.0924,0,100,42.2589,0,0
16.1161,0,100,42.2787,0,0
16.1346,0,100,42.2985,0,0
16.1612,0,100,42.3183,0,0
16.1814,0,100,42.338,0,0
16.2029,0,100,42.3578,0,0
16.2205,0,100,42.3776,0,0
16.2382,0,100,42.3974,0,0
16.2556,0,100,42.4172,0,0
16.2731,0,100,42.437,0,0
16.2907,0,100,42.4568,0,0
16.3083,0,100,42.4767,0,0
16.3251,0,100,42.4965,0,0
16.3426,0,100,42.5163,0,0
16.36,0,100,42.5361,0,0
16.3813,0,100,42.5559,0,0
16.3998,0,100,42.5757,0,0
16.4176,0,100,42.5955,0,0
16.4352,0,100,42.6153,0,0
16.4529,0,100,42.6351,0,0
16.4712,0,100,42.6549,0,0
16.4889,0,100,42.6748,0,0
16.5066,0,100,42.6946,0,0
16.524,0,100,42.7144,0,0
16.5415,0,100,42.7342,0,0
16.5589,0,100,42.754,0,0
16.5765,0,100,42.7738,0,0
16.5939,0,100,42.7936,0,0
16.6158,0,100,42.8134,0,0
16.6332,0,100,42.8332,0,0
16.6512,0,100,42.853,0,0
16.6688,0,100,42.8728,0,0
16.6861,0,100,42.8926,0,0
16.7035,0,100,42.9125,0,0
16.7209,0,100,42.9323,0,0
16.7383,0,100,42.9521,0,0
16.7557,0,100,42.9719,0,0
16.7731,0,100,42.9917,0,0
16.7907,0,100,43.0115,0,0
16.8081,0,100,43.0313,0,0
16.8254,0,100,43.0511,0,0
16.8428,0,100,43.071,0,0
16.8602,0,100,43.0908,0,0
16.8818,0,100,43.1106,0,0
16.8993,0,100,43.1303,0,0
16.9167,0,100,43.1502,0,0
16.9342,0,100,43.17,0,0
16.9516,0,100,43.1898,0,0
16.9691,0,100,43.2096,0,0
16.9868,0,100,43.2294,0,0
17.0042,0,100,43.2492,0,0
17.0216,0,100,43.269,0,0
17.039,0,100,43.2888,0,0
17.0564,0,100,43.3086,0,0
17.0738,0,100,43.3284,0,0
17.0912,0,100,43.3482,0,0
17.1088,0,100,43.3681,0,0
17.1263,0,100,43.3879,0,0
17.1496,0,100,43.4077,0,0
17.1672,0,100,43.4274,0,0
17.1853,0,100,43.4472,0,0
17.2036,0,100,43.467,0,0
17.222,0,100,43.4868,0,0
17.2404,0,100,43.5066,0,0
17.258,0,100,43.5264,0,0
17.2768,0,100,43.5462,0,0
17.2951,0,100,43.566,0,0
17.3165,0,100,43.5858,0,0
17.3343,0,100,43.6055,0,0
17.3522,0,100,43.6254,0,0
17.3704,0,100,43.6451,0,0
17.3887,0,100,43.6649,0,0
17.4064,0,100,43.6847,0,0
17.424,0,100,43.7045,0,0
17.4416,0,100,43.7243,0,0
17.4592,0,100,43.7441,0,0
17.4767,0,100,43.764,0,0
17.499,0,100,43.7838,0,0
17.5168,0,100,43.8035,0,0
17.5344,0,100,43.8233,0,0
17.5526,0,100,43.8431,0,0
17.5701,0,100,43.8629,0,0
17.5877,0,100,43.8827,0,0
17.6052,0,100,43.9025,0,0
17.6229,0,100,43.9223,0,0
17.6405,0,100,43.9421,0,0
17.6589,0,100,43.9619,0,0
17.6766,0,100,43.9817,0,0
17.6992,0,100,44.0015,0,0
17.7212,0,100,44.0212,0,0
17.7388,0,100,44.041,0,0
17.7564,0,100,44.0608,0,0
17.7739,0,100,44.0806,0,0
17.7913,0,100,44.1004,0,0
17.8088,0,100,44.1202,0,0
17.8262,0,100,44.14,0,0
17.8437,0,100,44.1598,0,0
17.8648,0,100,44.1796,0,0
17.8823,0,100,44.1993,0,0
17.8997,0,100,44.2191,0,0
17.9171,0,100,44.2389,0,0
17.9345,0,100,44.2587,0,0
17.952,0,100,44.2785,0,0
17.9693,0,100,44.2983,0,0
17.9868,0,100,44.3181,0,0
18.0042,0,100,44.3379,0,0
18.0217,0,100,44.3577,0,0
18.0393,0,100,44.3775,0,0
18.0569,0,100,44.3973,0,0
18.0749,0,100,44.4171,0,0
18.0931,0,100,44.4369,0,0
18.1165,0,100,44.4567,0,0
18.1342,0,100,44.4764,0,0
18.1522,0,100,44.4962,0,0
18.1698,0,100,44.516,0,0
18.1874,0,100,44.5358,0,0
18.2049,0,100,44.5556,0,0
18.2225,0,100,44.5754,0,0
18.24,0,100,44.5952,0,0
18.2572,0,100,44.615,0,0
18.2747,0,100,44.6348,0,0
18.2922,0,100,44.6546,0,0
18.3097,0,100,44.6744,0,0
18.3354,0,100,44.6941,0,0
18.3528,0,100,44.7138,0,0
18.3703,0,100,44.7336,0,0
18.3878,0,100,44.7534,0,0
18.4048,0,100,44.7732,0,0
18.4223,0,100,44.793,0,0
18.4397,0,100,44.8128,0,0
18.4571,0,100,44.8326,0,0
18.4746,0,100,44.8524,0,0
18.4921,0,100,44.8722,0,0
18.5095,0,100,44.892,0,0
18.5316,0,100,44.9118,0,0
18.549,0,100,44.9315,0,0
18.5664,0,100,44.9513,0,0
18.5838,0,100,44.9711,0,0
18.6012,0,100,44.9909,0,0
18.6186,0,100,45.0107,0,0
18.6361,0,100,45.0305,0,0
18.6536,0,100,45.0503,0,0
18.6711,0,100,45.07,0,0
18.6887,0,100,45.0898,0,0
18.7064,0,100,45.1096,0,0
18.7244,0,100,45.1294,0,0
18.7428,0,100,45.1492,0,0
18.7612,0,100,45.169,0,0
18.7828,0,100,45.1887,0,0
18.8012,0,100,45.2085,0,0
18.8197,0,100,45.2283,0,0
18.8372,0,100,45.248,0,0
18.8546,0,100,45.2678,0,0
18.8721,0,100,45.2876,0,0
18.8896,0,100,45.3074,0,0
18.9071,0,100,45.3272,0,0
18.9247,0,100,45.347,0,0
18.9422,0,100,45.3668,0,0
18.9592,0,100,45.3865,0,0
18.9766,0,100,45.4063,0,0
18.9986,0,100,45.4261,0,0
19.0163,0,100,45.4458,0,0
19.0333,0,100,45.4656,0,0
19.0507,0,100,45.4854,0,0
19.0682,0,100,45.5052,0,0
19.0857,0,100,45.525,0,0
19.1032,0,100,45.5448,0,0
19.1207,0,100,45.5646,0,0
19.1383,0,100,45.5843,0,0
19.1558,0,100,45.6041,0,0
19.1739,0,100,45.6239,0,0
19.1922,0,100,45.6437,0,0
19.2164,0,100,45.6635,0,0
19.2347,0,100,45.6832,0,0
19.2532,0,100,45.7029,0,0
19.2716,0,100,45.7227,0,0
19.2903,0,100,45.7425,0,0
19.3088,0,100,45.7622,0,0
19.3275,0,100,45.782,0,0
19.3499,0,100,45.8018,0,0
19.3683,0,100,45.8215,0,0
19.386,0,100,45.8413,0,0
19.4036,0,100,45.861,0,0
19.4223,0,100,45.8808,0,0
19.4411,0,100,45.9006,0,0
19.4597,0,100,45.9203,0,0
19.4845,0,100,45.9401,0,0
19.5021,0,100,45.9598,0,0
19.5201,0,100,45.9796,0,0
19.5378,0,100,45.9994,0,0
19.5553,0,100,46.0191,0,0
19.5729,0,100,46.0389,0,0
19.5904,0,100,46.0587,0,0
19.6077,0,100,46.0785,0,0
19.6251,0,100,46.0983,0,0
19.6425,0,100,46.118,0,0
19.6594,0,100,46.1378,0,0
19.6775,0,100,46.1576,0,0
19.6951,0,100,46.1774,0,0
19.7164,0,100,46.1971,0,0
19.7345,0,100,46.2169,0,0
19.7521,0,100,46.2366,0,0
19.7707,0,100,46.2564,0,0
19.7888,0,100,46.2762,0,0
19.8065,0,100,46.2959,0,0
19.8252,0,100,46.3157,0,0
19.8437,0,100,46.3355,0,0
19.8663,0,100,46.3552,0,0
19.8845,0,100,46.375,0,0
19.9022,0,100,46.3947,0,0
19.9199,0,100,46.4145,0,0
19.9364,0,100,46.4343,0,0
19.954,0,100,46.4541,0,0
19.9715,0,100,46.4738,0,0
19.989,0,100,46.4936,0,0
20.0064,0,100,46.5134,0,0
20.0239,0,100,46.5332,0,0
20.0415,0,100,46.5529,0,0
20.058,0,100,46.5727,0,0
20.0757,0,100,46.5925,0,0
20.0932,0,100,46.6123,0,0
20.1152,0,100,46.632,0,0
20.1327,0,100,46.6517,0,0
20.1501,0,100,46.6715,0,0
20.1675,0,100,46.6913,0,0
20.185,0,100,46.7111,0,0
20.2024,0,100,46.7308,0,0
20.22,0,100,46.7506,0,0
20.2376,0,100,46.7704,0,0
20.2552,0,100,46.7901,0,0
20.2734,0,100,46.8099,0,0
20.2915,0,100,46.8297,0,0
20.3093,0,100,46.8494,0,0
20.3271,0,100,46.8692,0,0
20.3505,0,100,46.889,0,0
20.3688,0,100,46.9087,0,0
20.3874,0,100,46.9284,0,0
20.4051,0,100,46.9482,0,0
20.4237,0,100,46.968,0,0
20.4423,0,100,46.9877,0,0
20.46,0,100,47.0075,0,0
20.4777,0,100,47.0272,0,0
20.5015,0,100,47.047,0,0
20.519,0,100,47.0667,0,0
20.5366,0,100,47.0865,0,0
20.5541,0,100,47.1062,0,0
20.5716,0,100,47.126,0,0
20.589,0,100,47.1458,0,0
20.6064,0,100,47.1655,0,0
20.6239,0,100,47.1853,0,0
20.6414,0,100,47.2051,0,0
20.6588,0,100,47.2248,0,0
20.6763,0,100,47.2446,0,0
20.6988,0,100,47.2644,0,0
20.7162,0,100,47.2841,0,0
20.7336,0,100,47.3038,0,0
20.751,0,100,47.3236,0,0
20.7684,0,100,47.3434,0,0
20.7857,0,100,47.3631,0,0
20.8037,0,100,47.3829,0,0
20.8218,0,100,47.4027,0,0
20.8398,0,100,47.4224,0,0
20.8583,0,100,47.4422,0,0
20.8767,0,100,47.4619,0,0
20.8945,0,100,47.4817,0,0
20.9172,0,100,47.5014,0,0
20.9354,0,100,47.5211,0,0
20.9538,0,100,47.5409,0,0
20.9722,0,100,47.5606,0,0
20.9907,0,100,47.5804,0,0
21.009,0,100,47.6001,0,0
21.0274,0,100,47.6199,0,0
21.0501,0,100,47.6396,0,0
21.068,0,100,47.6593,0,0
21.0856,0,100,47.6791,0,0
21.1034,0,100,47.6988,0,0
21.121,0,100,47.7186,0,0
21.1385,0,100,47.7384,0,0
21.1562,0,100,47.7581,0,0
21.1738,0,100,47.7779,0,0
21.1914,0,100,47.7976,0,0
21.209,0,100,47.8174,0,0
21.2266,0,100,47.8372,0,0
21.2493,0,100,47.8569,0,0
21.2668,0,100,47.8766,0,0
21.2845,0,100,47.8964,0,0
21.302,0,100,47.9161,0,0
21.3195,0,100,47.9359,0,0
21.3371,0,100,47.9557,0,0
21.3539,0,100,47.9754,0,0
21.3715,0,100,47.9952,0,0
21.3891,0,100,48.0149,0,0
21.4067,0,100,48.0347,0,0
21.4243,0,100,48.0544,0,0
21.4419,0,100,48.0742,0,0
21.4595,0,100,48.094,0,0
21.4769,0,100,48.1137,0,0
21.4984,0,100,48.1335,0,0
21.5161,0,100,48.1532,0,0
21.5336,0,100,48.1729,0,0
21.5511,0,100,48.1927,0,0
21.5685,0,100,48.2124,0,0
21.5859,0,100,48.2322,0,0
21.6034,0,100,48.2519,0,0
21.6211,0,100,48.2717,0,0
21.6386,0,100,48.2915,0,0
21.6561,0,100,48.3112,0,0
21.6737,0,100,48.331,0,0
21.6918,0,100,48.3507,0,0
21.7096,0,100,48.3705,0,0
21.7278,0,100,48.3902,0,0
21.7495,0,100,48.41,0,0
21.768,0,100,48.4297,0,0
21.7852,0,100,48.4494,0,0
21.8031,0,100,48.4692,0,0
21.8219,0,100,48.4889,0,0
21.8406,0,100,48.5086,0,0
21.859,0,100,48.5284,0,0
21.884,0,100,48.5481,0,0
21.9025,0,100,48.5678,0,0
21.9211,0,100,48.5875,0,0
21.9395,0,100,48.6072,0,0
21.9582,0,100,48.627,0,0
21.9767,0,100,48.6467,0,0
21.9944,0,100,48.6665,0,0
22.0172,0,100,48.6862,0,0
22.0349,0,100,48.7059,0,0
22.0525,0,100,48.7256,0,0
22.07,0,100,48.7454,0,0
22.0875,0,100,48.7651,0,0
22.1051,0,100,48.7849,0,0
22.1226,0,100,48.8046,0,0
22.1394,0,100,48.8244,0,0
22.1572,0,100,48.8441,0,0
22.1738,0,100,48.8639,0,0
22.1913,0,100,48.8836,0,0
22.2087,0,100,48.9034,0,0
22.2261,0,100,48.9231,0,0
22.243,0,100,48.9429,0,0
22.2617,0,100,48.9626,0,0
22.281,0,100,48.9824,0,0
22.2989,0,100,49.0021,0,0
22.317,0,100,49.0218,0,0
22.3354,0,100,49.0416,0,0
22.3536,0,100,49.0613,0,0
22.3718,0,100,49.0811,0,0
22.3902,0,100,49.1008,0,0
22.4091,0,100,49.1205,0,0
22.4281,0,100,49.1403,0,0
22.4504,0,100,49.16,0,0
22.4682,0,100,49.1797,0,0
22.4873,0,100,49.1994,0,0
22.5057,0,100,49.2191,0,0
22.5247,0,100,49.2388,0,0
22.5438,0,100,49.2586,0,0
22.5629,0,100,49.2783,0,0
22.5833,0,100,49.298,0,0
22.6011,0,100,49.3177,0,0
22.6186,0,100,49.3375,0,0
22.6363,0,100,49.3572,0,0
22.6538,0,100,49.3769,0,0
22.6714,0,100,49.3967,0,0
22.6889,0,100,49.4164,0,0
22.7065,0,100,49.4362,0,0
22.7239,0,100,49.4559,0,0
22.7419,0,100,49.4757,0,0
22.7593,0,100,49.4954,0,0
22.7769,0,100,49.5151,0,0
22.8,0,100,49.5349,0,0
22.8175,0,100,49.5545,0,0
22.835,0,100,49.5743,0,0
22.8525,0,100,49.594,0,0
22.87,0,100,49.6138,0,0
22.8874,0,100,49.6335,0,0
22.905,0,100,49.6533,0,0
22.9226,0,100,49.673,0,0
22.9405,0,100,49.6927,0,0
22.9585,0,100,49.7125,0,0
22.9772,0,100,49.7322,0,0
23.0004,0,100,49.7519,0,0
23.019,0,100,49.7716,0,0
23.0364,0,100,49.7913,0,0
23.0549,0,100,49.811,0,0
23.0732,0,100,49.8308,0,0
23.092,0,100,49.8505,0,0
23.1103,0,100,49.8702,0,0
23.1348,0,100,49.8899,0,0
23.1525,0,100,49.9096,0,0
23.1701,0,100,49.9293,0,0
23.1877,0,100,49.949,0,0
23.2054,0,100,49.9688,0,0
23.2231,0,100,49.9885,0,0
23.2406,0,100,50.0082,0,0
23.2581,0,100,50.028,0,0
23.2756,0,100,50.0477,0,0
23.2931,0,100,50.0675,0,0
23.3136,0,100,50.0872,0,0
23.3311,0,100,50.1069,0,0
23.3486,0,100,50.1266,0,0
23.3661,0,100,50.1464,0,0
23.3837,0,100,50.1661,0,0
23.4012,0,100,50.1858,0,0
23.4188,0,100,50.2056,0,0
23.4364,0,100,50.2253,0,0
23.4548,0,100,50.245,0,0
23.4729,0,100,50.2648,0,0
23.4912,0,100,50.2845,0,0
23.5102,0,100,50.3042,0,0
23.5339,0,100,50.3239,0,0
23.5522,0,100,50.3435,0,0
23.5706,0,100,50.3633,0,0
23.589,0,100,50.383,0,0
23.6076,0,100,50.4027,0,0
23.6259,0,100,50.4224,0,0
23.6442,0,100,50.4422,0,0
23.6678,0,100,50.4619,0,0
23.6854,0,100,50.4815,0,0
23.703,0,100,50.5012,0,0
23.7208,0,100,50.521,0,0
23.7383,0,100,50.5407,0,0
23.7559,0,100,50.5604,0,0
23.7734,0,100,50.5802,0,0
23.7909,0,100,50.5999,0,0
23.8084,0,100,50.6196,0,0
23.8258,0,100,50.6393,0,0
23.8433,0,100,50.6591,0,0
23.8658,0,100,50.6788,0,0
23.8835,0,100,50.6985,0,0
23.901,0,100,50.7182,0,0
23.9185,0,100,50.7379,0,0
23.9361,0,100,50.7577,0,0
23.9536,0,100,50.7774,0,0
23.9711,0,100,50.7971,0,0
23.9887,0,100,50.8168,0,0
24.0062,0,100,50.8366,0,0
24.0233,0,100,50.8563,0,0
24.0408,0,100,50.876,0,0
24.0583,0,100,50.8958,0,0
24.0759,0,100,50.9155,0,0
24.0935,0,100,50.9352,0,0
24.1112,0,100,50.9549,0,0
24.132,0,100,50.9747,0,0
24.15,0,100,50.9943,0,0
24.1682,0,100,51.0141,0,0
24.1866,0,100,51.0338,0,0
24.2042,0,100,51.0535,0,0
24.2222,0,100,51.0732,0,0
24.2399,0,100,51.0929,0,0
24.2575,0,100,51.1127,0,0
24.2756,0,100,51.1324,0,0
24.2931,0,100,51.1521,0,0
24.3108,0,100,51.1718,0,0
24.3324,0,100,51.1915,0,0
24.35,0,100,51.2112,0,0
24.3674,0,100,51.2309,0,0
24.3848,0,100,51.2507,0,0
24.4023,0,100,51.2704,0,0
24.4197,0,100,51.2901,0,0
24.4371,0,100,51.3098,0,0
24.4548,0,100,51.3296,0,0
24.4723,0,100,51.3493,0,0
24.4898,0,100,51.369,0,0
24.5073,0,100,51.3887,0,0
24.5248,0,100,51.4084,0,0
24.5421,0,100,51.4282,0,0
24.5595,0,100,51.4479,0,0
24.5769,0,100,51.4676,0,0
24.5982,0,100,51.4873,0,0
24.6156,0,100,51.507,0,0
24.6331,0,100,51.5267,0,0
24.651,0,100,51.5464,0,0
24.6683,0,100,51.5662,0,0
24.6857,0,100,51.5859,0,0
24.7031,0,100,51.6056,0,0
24.7206,0,100,51.6253,0,0
24.738,0,100,51.6451,0,0
24.7555,0,100,51.6648,0,0
24.7729,0,100,51.6845,0,0
24.7904,0,100,51.7042,0,0
24.808,0,100,51.7239,0,0
24.8256,0,100,51.7437,0,0
24.8438,0,100,51.7634,0,0
24.8673,0,100,51.7831,0,0
24.8859,0,100,51.8027,0,0
24.9044,0,100,51.8224,0,0
24.9228,0,100,51.8421,0,0
24.9413,0,100,51.8618,0,0
24.9598,0,100,51.8815,0,0
24.9781,0,100,51.9012,0,0
25.0009,0,100,51.9209,0,0
25.0186,0,100,51.9405,0,0
25.0362,0,100,51.9603,0,0
25.0538,0,100,51.98,0,0
25.0714,0,100,51.9997,0,0
25.089,0,100,52.0194,0,0
25.1068,0,100,52.0391,0,0
25.1244,0,100,52.0588,0,0
25.1419,0,100,52.0785,0,0
25.1594,0,100,52.0983,0,0
25.1769,0,100,52.118,0,0
25.2007,0,100,52.1377,0,0
25.2183,0,100,52.1573,0,0
25.2359,0,100,52.177,0,0
25.2542,0,100,52.1967,0,0
25.2724,0,100,52.2164,0,0
25.2899,0,100,52.2361,0,0
25.3072,0,100,52.2558,0,0
25.3247,0,100,52.2756,0,0
25.3422,0,100,52.2953,0,0
25.3601,0,100,52.315,0,0
25.3805,0,100,52.3347,0,0
25.3979,0,100,52.3544,0,0
25.4154,0,100,52.3741,0,0
25.4338,0,100,52.3938,0,0
25.4513,0,100,52.4135,0,0
25.4687,0,100,52.4332,0,0
25.4862,0,100,52.4529,0,0
25.5037,0,100,52.4726,0,0
25.5213,0,100,52.4923,0,0
25.5389,0,100,52.5121,0,0
25.5567,0,100,52.5318,0,0
25.5745,0,100,52.5515,0,0
25.5927,0,100,52.5712,0,0
25.6107,0,100,52.5909,0,0
25.6323,0,100,52.6106,0,0
25.6498,0,100,52.6302,0,0
25.6673,0,100,52.6499,0,0
25.685,0,100,52.6696,0,0
25.7024,0,100,52.6893,0,0
25.7197,0,100,52.7091,0,0
25.737,0,100,52.7288,0,0
25.7545,0,100,52.7485,0,0
25.7718,0,100,52.7682,0,0
25.7893,0,100,52.7879,0,0
25.8067,0,100,52.8076,0,0
25.8245,0,100,52.8273,0,0
25.8419,0,100,52.847,0,0
25.8593,0,100,52.8667,0,0
25.8769,0,100,52.8864,0,0
25.9032,0,100,52.9062,0,0
25.9207,0,100,52.9257,0,0
25.9382,0,100,52.9454,0,0
25.9548,0,100,52.9651,0,0
25.9714,0,100,52.9848,0,0
25.9887,0,100,53.0046,0,0
26.0061,0,100,53.0243,0,0
26.0236,0,100,53.044,0,0
26.0411,0,100,53.0637,0,0
26.0586,0,100,53.0834,0,0
26.0759,0,100,53.1031,0,0
26.0936,0,100,53.1228,0,0
26.1118,0,100,53.1425,0,0
26.1311,0,100,53.1622,0,0
26.1485,0,100,53.1819,0,0
26.1691,0,100,53.2016,0,0
26.1865,0,100,53.2212,0,0
26.2039,0,100,53.2409,0,0
26.2213,0,100,53.2606,0,0
26.2387,0,100,53.2803,0,0
26.2562,0,100,53.3,0,0
26.2734,0,100,53.3198,0,0
26.2907,0,100,53.3395,0,0
26.308,0,100,53.3592,0,0
26.3253,0,100,53.3789,0,0
26.3428,0,100,53.3986,0,0
26.3603,0,100,53.4183,0,0
26.384,0,100,53.438,0,0
26.4015,0,100,53.4576,0,0
26.4191,0,100,53.4773,0,0
26.4365,0,100,53.497,0,0
26.4539,0,100,53.5167,0,0
26.4714,0,100,53.5364,0,0
26.4888,0,100,53.5561,0,0
26.5062,0,100,53.5758,0,0
26.5237,0,100,53.5955,0,0
26.5412,0,100,53.6152,0,0
26.5587,0,100,53.6349,0,0
26.5761,0,100,53.6546,0,0
26.5935,0,100,53.6743,0,0
26.6129,0,100,53.694,0,0
26.6312,0,100,53.7137,0,0
26.6489,0,100,53.7333,0,0
26.6665,0,100,53.753,0,0
26.684,0,100,53.7727,0,0
26.7016,0,100,53.7924,0,0
26.7187,0,100,53.8121,0,0
26.7354,0,100,53.8318,0,0
26.7533,0,100,53.8515,0,0
26.7708,0,100,53.8712,0,0
26.7882,0,100,53.8909,0,0
26.8057,0,100,53.9106,0,0
26.8231,0,100,53.9303,0,0
26.8405,0,100,53.95,0,0
26.8571,0,100,53.9697,0,0
26.8745,0,100,53.9894,0,0
26.8926,0,100,54.0091,0,0
26.91,0,100,54.0288,0,0
26.9282,0,100,54.0485,0,0
26.9457,0,100,54.0682,0,0
26.9659,0,100,54.0879,0,0
26.9835,0,100,54.1075,0,0
27.001,0,100,54.1272,0,0
27.0185,0,100,54.1469,0,0
27.0359,0,100,54.1666,0,0
27.0535,0,100,54.1863,0,0
27.071,0,100,54.206,0,0
27.0885,0,100,54.2257,0,0
27.1059,0,100,54.2454,0,0
27.1235,0,100,54.2651,0,0
27.141,0,100,54.2848,0,0
27.1583,0,100,54.3045,0,0
27.1758,0,100,54.3242,0,0
27.1932,0,100,54.3439,0,0
27.216,0,100,54.3635,0,0
27.2335,0,100,54.3831,0,0
27.251,0,100,54.4028,0,0
27.2685,0,100,54.4225,0,0
27.2859,0,100,54.4422,0,0
27.3033,0,100,54.4619,0,0
27.3207,0,100,54.4816,0,0
27.3382,0,100,54.5013,0,0
27.3556,0,100,54.521,0,0
27.373,0,100,54.5407,0,0
27.3903,0,100,54.5604,0,0
27.4077,0,100,54.5801,0,0
27.4251,0,100,54.5998,0,0
27.4426,0,100,54.6194,0,0
27.4599,0,100,54.6391,0,0
27.4773,0,100,54.6588,0,0
27.5004,0,100,54.6785,0,0
27.5178,0,100,54.6981,0,0
27.5352,0,100,54.7178,0,0
27.5526,0,100,54.7375,0,0
27.57,0,100,54.7572,0,0
27.5874,0,100,54.7769,0,0
27.6048,0,100,54.7965,0,0
27.6223,0,100,54.8162,0,0
27.6398,0,100,54.8359,0,0
27.6573,0,100,54.8556,0,0
27.675,0,100,54.8753,0,0
27.6926,0,100,54.895,0,0
27.7101,0,100,54.9147,0,0
27.7325,0,100,54.9343,0,0
27.7501,0,100,54.9539,0,0
27.7676,0,100,54.9736,0,0
27.7851,0,100,54.9933,0,0
27.8026,0,100,55.013,0,0
27.8201,0,100,55.0327,0,0
27.8377,0,100,55.0524,0,0
27.8551,0,100,55.0721,0,0
27.8726,0,100,55.0917,0,0
27.8902,0,100,55.1114,0,0
27.9078,0,100,55.1311,0,0
27.9254,0,100,55.1508,0,0
27.943,0,100,55.1705,0,0
27.9656,0,100,55.1902,0,0
27.9822,0,100,55.2097,0,0
27.9997,0,100,55.2294,0,0
28.0171,0,100,55.2491,0,0
28.0338,0,100,55.2688,0,0
28.0514,0,100,55.2885,0,0
28.069,0,100,55.3082,0,0
28.0865,0,100,55.3279,0,0
28.1054,0,100,55.3475,0,0
28.1247,0,100,55.3672,0,0
28.1423,0,100,55.3868,0,0
28.16,0,100,55.4065,0,0
28.1777,0,100,55.4262,0,0
28.2006,0,100,55.4459,0,0
28.2181,0,100,55.4655,0,0
28.2357,0,100,55.4851,0,0
28.2533,0,100,55.5048,0,0
28.2715,0,100,55.5245,0,0
28.2898,0,100,55.5442,0,0
28.308,0,100,55.5638,0,0
28.3264,0,100,55.5835,0,0
28.3439,0,100,55.6032,0,0
28.3652,0,100,55.6228,0,0
28.3827,0,100,55.6424,0,0
28.4002,0,100,55.6621,0,0
28.4177,0,100,55.6818,0,0
28.4352,0,100,55.7015,0,0
28.4527,0,100,55.7212,0,0
28.4695,0,100,55.7408,0,0
28.4864,0,100,55.7605,0,0
28.5038,0,100,55.7802,0,0
28.5214,0,100,55.7999,0,0
28.539,0,100,55.8196,0,0
28.5566,0,100,55.8392,0,0
28.5743,0,100,55.8589,0,0
28.5928,0,100,55.8786,0,0
28.611,0,100,55.8983,0,0
28.6338,0,100,55.9179,0,0
28.6513,0,100,55.9375,0,0
28.6689,0,100,55.9572,0,0
28.6863,0,100,55.9768,0,0
28.7037,0,100,55.9965,0,0
28.7211,0,100,56.0162,0,0
28.7387,0,100,56.0359,0,0
28.7562,0,100,56.0555,0,0
28.7737,0,100,56.0752,0,0
28.7911,0,100,56.0949,0,0
28.8086,0,100,56.1146,0,0
28.8261,0,100,56.1342,0,0
28.8454,0,100,56.1539,0,0
28.866,0,100,56.1735,0,0
28.8837,0,100,56.1932,0,0
28.9012,0,100,56.2128,0,0
28.9189,0,100,56.2325,0,0
28.9364,0,100,56.2522,0,0
28.9538,0,100,56.2718,0,0
28.9713,0,100,56.2915,0,0
28.9886,0,100,56.3112,0,0
29.0061,0,100,56.3309,0,0
29.0237,0,100,56.3505,0,0
29.0413,0,100,56.3702,0,0
29.0588,0,100,56.3899,0,0
29.0763,0,100,56.4095,0,0
29.0969,0,100,56.4292,0,0
29.1145,0,100,56.4488,0,0
29.1321,0,100,56.4685,0,0
29.1497,0,100,56.4882,0,0
29.1672,0,100,56.5078,0,0
29.1848,0,100,56.5275,0,0
29.2015,0,100,56.5472,0,0
29.2189,0,100,56.5668,0,0
29.2363,0,100,56.5865,0,0
29.2532,0,100,56.6062,0,0
29.2706,0,100,56.6259,0,0
29.2883,0,100,56.6455,0,0
29.3079,0,100,56.6652,0,0
29.3254,0,100,56.6848,0,0
29.343,0,100,56.7045,0,0
29.3679,0,100,56.7242,0,0
29.3849,0,100,56.7437,0,0
29.4024,0,100,56.7634,0,0
29.4198,0,100,56.783,0,0
29.4363,0,100,56.8027,0,0
29.4531,0,100,56.8224,0,0
29.4706,0,100,56.8421,0,0
29.4873,0,100,56.8617,0,0
29.5047,0,100,56.8814,0,0
29.5221,0,100,56.9011,0,0
29.5397,0,100,56.9207,0,0
29.5572,0,100,56.9404,0,0
29.5745,0,100,56.9601,0,0
29.592,0,100,56.9797,0,0
29.6094,0,100,56.9994,0,0
29.6268,0,100,57.0191,0,0
29.6499,0,100,57.0387,0,0
29.6673,0,100,57.0583,0,0
29.6847,0,100,57.078,0,0
29.7021,0,100,57.0976,0,0
29.7195,0,100,57.1173,0,0
29.7371,0,100,57.1369,0,0
29.7567,0,100,57.1566,0,0
29.7741,0,100,57.1762,0,0
29.7917,0,100,57.1959,0,0
29.8092,0,100,57.2156,0,0
29.8267,0,100,57.2352,0,0
29.8507,0,100,57.2549,0,0
29.8683,0,100,57.2744,0,0
29.8859,0,100,57.2941,0,0
29.9035,0,100,57.3137,0,0
29.9216,0,100,57.3334,0,0
29.9404,0,100,57.353,0,0
29.9594,0,100,57.3727,0,0
29.9838,0,100,57.3923,0,0
30.0011,0,100,57.4118,0,0
30.0187,0,100,57.4315,0,0
30.0364,0,100,57.4512,0,0
30.054,0,100,57.4708,0,0
30.0717,0,100,57.4905,0,0
30.0892,0,100,57.5101,0,0
30.1068,0,100,57.5298,0,0
30.1243,0,100,57.5494,0,0
30.1419,0,100,57.5691,0,0
30.1597,0,100,57.5888,0,0
30.1819,0,100,57.6084,0,0
30.1994,0,100,57.628,0,0
30.2168,0,100,57.6476,0,0
30.2345,0,100,57.6673,0,0
30.2521,0,100,57.6869,0,0
30.2695,0,100,57.7066,0,0
30.2871,0,100,57.7262,0,0
30.3046,0,100,57.7459,0,0
30.3222,0,100,57.7656,0,0
30.3397,0,100,57.7852,0,0
30.3573,0,100,57.8049,0,0
30.3748,0,100,57.8245,0,0
30.3923,0,100,57.8442,0,0
30.4098,0,100,57.8638,0,0
30.4282,0,100,57.8835,0,0
30.4497,0,100,57.9031,0,0
30.4671,0,100,57.9227,0,0
30.4846,0,100,57.9424,0,0
30.502,0,100,57.962,0,0
30.5194,0,100,57.9817,0,0
30.5371,0,100,58.0013,0,0
30.5545,0,100,58.021,0,0
30.5719,0,100,58.0406,0,0
30.5894,0,100,58.0603,0,0
30.6062,0,100,58.0799,0,0
30.6237,0,100,58.0996,0,0
30.6412,0,100,58.1193,0,0
30.6589,0,100,58.1389,0,0
30.6765,0,100,58.1586,0,0
30.694,0,100,58.1782,0,0
30.7171,0,100,58.1979,0,0
30.7346,0,100,58.2174,0,0
30.752,0,100,58.237,0,0
30.7694,0,100,58.2567,0,0
30.7868,0,100,58.2764,0,0
30.8042,0,100,58.296,0,0
30.8219,0,100,58.3157,0,0
30.8394,0,100,58.3353,0,0
30.8568,0,100,58.355,0,0
30.8741,0,100,58.3746,0,0
30.8916,0,100,58.3943,0,0
30.9091,0,100,58.4139,0,0
30.9265,0,100,58.4336,0,0
30.9484,0,100,58.4532,0,0
30.9658,0,100,58.4728,0,0
30.9832,0,100,58.4924,0,0
31.0006,0,100,58.5121,0,0
31.0181,0,100,58.5317,0,0
31.0355,0,100,58.5514,0,0
31.0529,0,100,58.571,0,0
31.0703,0,100,58.5907,0,0
31.0877,0,100,58.6103,0,0
31.1052,0,100,58.63,0,0
31.1227,0,100,58.6496,0,0
31.1404,0,100,58.6693,0,0
31.1578,0,100,58.6889,0,0
31.1751,0,100,58.7086,0,0
31.1926,0,100,58.7282,0,0
31.2092,0,100,58.7478,0,0
31.2266,0,100,58.7675,0,0
31.2495,0,100,58.7872,0,0
31.2669,0,100,58.8067,0,0
31.2843,0,100,58.8263,0,0
31.3017,0,100,58.846,0,0
31.3192,0,100,58.8656,0,0
31.3365,0,100,58.8853,0,0
31.354,0,100,58.9049,0,0
31.3715,0,100,58.9246,0,0
31.3889,0,100,58.9442,0,0
31.4063,0,100,58.9639,0,0
31.4239,0,100,58.9835,0,0
31.4413,0,100,59.0031,0,0
31.459,0,100,59.0228,0,0
31.4766,0,100,59.0424,0,0
31.4941,0,100,59.0621,0,0
31.5173,0,100,59.0817,0,0
31.5349,0,100,59.1012,0,0
31.5524,0,100,59.1209,0,0
31.5707,0,100,59.1405,0,0
31.589,0,100,59.1601,0,0
31.6067,0,100,59.1798,0,0
31.6243,0,100,59.1994,0,0
31.6419,0,100,59.219,0,0
31.6595,0,100,59.2387,0,0
31.6816,0,100,59.2583,0,0
31.6991,0,100,59.2779,0,0
31.7166,0,100,59.2975,0,0
31.7341,0,100,59.3171,0,0
31.7516,0,100,59.3368,0,0
31.7691,0,100,59.3564,0,0
31.7866,0,100,59.3761,0,0
31.8041,0,100,59.3957,0,0
31.8217,0,100,59.4153,0,0
31.8393,0,100,59.435,0,0
31.8569,0,100,59.4546,0,0
31.8744,0,100,59.4743,0,0
31.8919,0,100,59.4939,0,0
31.9094,0,100,59.5135,0,0
31.9269,0,100,59.5332,0,0
31.9497,0,100,59.5528,0,0
31.9671,0,100,59.5723,0,0
31.9846,0,100,59.592,0,0
32.0022,0,100,59.6116,0,0
32.0197,0,100,59.6312,0,0
32.0373,0,100,59.6509,0,0
32.0549,0,100,59.6705,0,0
32.0724,0,100,59.6901,0,0
32.0901,0,100,59.7098,0,0
32.1077,0,100,59.7294,0,0
32.1253,0,100,59.7491,0,0
32.1429,0,100,59.7687,0,0
32.1604,0,100,59.7883,0,0
32.1827,0,100,59.808,0,0
32.2002,0,100,59.8275,0,0
32.2201,0,100,59.8471,0,0
32.2377,0,100,59.8667,0,0
32.2552,0,100,59.8863,0,0
32.2729,0,100,59.906,0,0
32.2904,0,100,59.9256,0,0
32.3079,0,100,59.9452,0,0
32.3254,0,100,59.9649,0,0
32.3428,0,100,59.9845,0,0
32.3602,0,100,60.0041,0,0
32.3812,0,100,60.0238,0,0
32.3987,0,100,60.0433,0,0
32.4161,0,100,60.063,0,0
32.4337,0,100,60.0826,0,0
32.4514,0,100,60.1022,0,0
32.4689,0,100,60.1219,0,0
32.4871,0,100,60.1415,0,0
32.5046,0,100,60.1611,0,0
32.5223,0,100,60.1807,0,0
32.5405,0,100,60.2004,0,0
32.5588,0,100,60.22,0,0
32.584,0,100,60.2396,0,0
32.6031,0,100,60.2591,0,0
32.621,0,100,60.2787,0,0
32.6397,0,100,60.2983,0,0
32.6585,0,100,60.3179,0,0
32.6772,0,100,60.3375,0,0
32.6957,0,100,60.3571,0,0
32.7162,0,100,60.3767,0,0
32.7344,0,100,60.3963,0,0
32.7518,0,100,60.4159,0,0
32.7694,0,100,60.4355,0,0
32.787,0,100,60.4551,0,0
32.8045,0,100,60.4748,0,0
32.8221,0,100,60.4944,0,0
32.8403,0,100,60.514,0,0
32.8578,0,100,60.5336,0,0
32.8754,0,100,60.5532,0,0
32.8931,0,100,60.5729,0,0
32.9164,0,100,60.5925,0,0
32.934,0,100,60.612,0,0
32.9522,0,100,60.6316,0,0
32.9705,0,100,60.6512,0,0
32.989,0,100,60.6708,0,0
33.0074,0,100,60.6904,0,0
33.0259,0,100,60.71,0,0
33.0506,0,100,60.7297,0,0
33.0682,0,100,60.7491,0,0
33.0864,0,100,60.7687,0,0
33.104,0,100,60.7884,0,0
33.1221,0,100,60.808,0,0
33.1396,0,100,60.8276,0,0
33.1573,0,100,60.8472,0,0
33.1748,0,100,60.8668,0,0
33.1924,0,100,60.8865,0,0
33.2159,0,100,60.9061,0,0
33.2335,0,100,60.9256,0,0
33.2511,0,100,60.9452,0,0
33.2686,0,100,60.9648,0,0
33.2862,0,100,60.9844,0,0
33.3037,0,100,61.0041,0,0
33.3213,0,100,61.0237,0,0
33.3396,0,100,61.0433,0,0
33.358,0,100,61.0629,0,0
33.3765,0,100,61.0825,0,0
33.395,0,100,61.1021,0,0
33.417,0,100,61.1217,0,0
33.4354,0,100,61.1412,0,0
33.4542,0,100,61.1608,0,0
33.4725,0,100,61.1804,0,0
33.4912,0,100,61.2,0,0
33.51,0,100,61.2196,0,0
33.5284,0,100,61.2392,0,0
33.5517,0,100,61.2588,0,0
33.5705,0,100,61.2783,0,0
33.5888,0,100,61.2979,0,0
33.6076,0,100,61.3175,0,0
33.6264,0,100,61.3371,0,0
33.6502,0,100,61.3567,0,0
33.6687,0,100,61.3761,0,0
33.6874,0,100,61.3957,0,0
33.7059,0,100,61.4153,0,0
33.7246,0,100,61.4349,0,0
33.7434,0,100,61.4545,0,0
33.7619,0,100,61.4741,0,0
33.7861,0,100,61.4937,0,0
33.8038,0,100,61.5132,0,0
33.8225,0,100,61.5328,0,0
33.8412,0,100,61.5524,0,0
33.8599,0,100,61.572,0,0
33.8832,0,100,61.5916,0,0
33.9017,0,100,61.611,0,0
33.9193,0,100,61.6306,0,0
33.9369,0,100,61.6503,0,0
33.9558,0,100,61.6699,0,0
33.9741,0,100,61.6895,0,0
33.9924,0,100,61.7091,0,0
34.0157,0,100,61.7286,0,0
34.0341,0,100,61.7481,0,0
34.0517,0,100,61.7677,0,0
34.0693,0,100,61.7873,0,0
34.0868,0,100,61.807,0,0
34.1044,0,100,61.8266,0,0
34.1218,0,100,61.8462,0,0
34.1393,0,100,61.8658,0,0
34.1569,0,100,61.8854,0,0
34.174,0,100,61.905,0,0
34.1914,0,100,61.9246,0,0
34.209,0,100,61.9443,0,0
34.2269,0,100,61.9639,0,0
34.2483,0,100,61.9835,0,0
34.2666,0,100,62.003,0,0
34.2844,0,100,62.0226,0,0
34.3025,0,100,62.0422,0,0
34.3203,0,100,62.0618,0,0
34.3382,0,100,62.0814,0,0
34.3566,0,100,62.101,0,0
34.375,0,100,62.1206,0,0
34.3932,0,100,62.1402,0,0
34.4152,0,100,62.1598,0,0
34.4335,0,100,62.1793,0,0
34.4511,0,100,62.1989,0,0
34.4685,0,100,62.2185,0,0
34.4858,0,100,62.2381,0,0
34.5032,0,100,62.2577,0,0
34.5207,0,100,62.2773,0,0
34.5382,0,100,62.2969,0,0
34.5555,0,100,62.3165,0,0
34.5719,0,100,62.3361,0,0
34.5892,0,100,62.3558,0,0
34.6066,0,100,62.3754,0,0
34.6239,0,100,62.395,0,0
34.6412,0,100,62.4146,0,0
34.6585,0,100,62.4342,0,0
34.676,0,100,62.4538,0,0
34.6933,0,100,62.4734,0,0
34.7141,0,100,62.493,0,0
34.7339,0,100,62.5126,0,0
34.7513,0,100,62.5321,0,0
34.7687,0,100,62.5517,0,0
34.7863,0,100,62.5714,0,0
34.8038,0,100,62.591,0,0
34.8213,0,100,62.6106,0,0
34.8393,0,100,62.6302,0,0
34.8565,0,100,62.6498,0,0
34.874,0,100,62.6694,0,0
34.8915,0,100,62.689,0,0
34.9093,0,100,62.7086,0,0
34.9271,0,100,62.7282,0,0
34.9498,0,100,62.7478,0,0
34.9675,0,100,62.7673,0,0
34.9854,0,100,62.7869,0,0
35.0037,0,100,62.8064,0,0
35.022,0,100,62.826,0,0
35.0406,0,100,62.8456,0,0
35.0595,0,100,62.8652,0,0
35.0828,0,100,62.8848,0,0
35.1019,0,100,62.9042,0,0
35.1196,0,100,62.9238,0,0
35.1372,0,100,62.9434,0,0
35.1548,0,100,62.963,0,0
35.1724,0,100,62.9826,0,0
35.1899,0,100,63.0022,0,0
35.2082,0,100,63.0218,0,0
35.2269,0,100,63.0414,0,0
35.2464,0,100,63.061,0,0
35.2646,0,100,63.0805,0,0
35.2844,0,100,63.1001,0,0
35.3033,0,100,63.1196,0,0
35.3217,0,100,63.1392,0,0
35.3404,0,100,63.1588,0,0
35.3593,0,100,63.1784,0,0
35.3779,0,100,63.1979,0,0
35.3956,0,100,63.2175,0,0
35.4171,0,100,63.2371,0,0
35.4345,0,100,63.2566,0,0
35.4518,0,100,63.2762,0,0
35.4692,0,100,63.2958,0,0
35.4866,0,100,63.3154,0,0
35.504,0,100,63.335,0,0
35.5214,0,100,63.3546,0,0
35.5387,0,100,63.3742,0,0
35.556,0,100,63.3938,0,0
35.5734,0,100,63.4134,0,0
35.5907,0,100,63.433,0,0
35.608,0,100,63.4526,0,0
35.6254,0,100,63.4722,0,0
35.6426,0,100,63.4918,0,0
35.6595,0,100,63.5114,0,0
35.6768,0,100,63.531,0,0
35.6962,0,100,63.5506,0,0
35.7146,0,100,63.5702,0,0
35.7319,0,100,63.5897,0,0
35.7492,0,100,63.6093,0,0
35.7665,0,100,63.6289,0,0
35.7838,0,100,63.6485,0,0
35.8011,0,100,63.6681,0,0
35.8184,0,100,63.6877,0,0
35.8356,0,100,63.7073,0,0
35.8529,0,100,63.7269,0,0
35.8705,0,100,63.7465,0,0
35.8881,0,100,63.7661,0,0
35.9054,0,100,63.7857,0,0
35.9228,0,100,63.8053,0,0
35.9401,0,100,63.8249,0,0
35.9574,0,100,63.8445,0,0
35.9747,0,100,63.8641,0,0
35.9923,0,100,63.8837,0,0
36.0097,0,100,63.9033,0,0
36.027,0,100,63.9229,0,0
36.0492,0,100,63.9425,0,0
36.0665,0,100,63.962,0,0
36.0838,0,100,63.9816,0,0
36.1013,0,100,64.0012,0,0
36.1188,0,100,64.0207,0,0
36.1354,0,100,64.0403,0,0
36.153,0,100,64.0599,0,0
36.1704,0,100,64.0795,0,0
36.1878,0,100,64.0991,0,0
36.2051,0,100,64.1187,0,0
36.2225,0,100,64.1383,0,0
36.2399,0,100,64.1579,0,0
36.2572,0,100,64.1775,0,0
36.2743,0,100,64.1971,0,0
36.2917,0,100,64.2167,0,0
36.309,0,100,64.2363,0,0
36.3264,0,100,64.2559,0,0
36.3476,0,100,64.2755,0,0
36.365,0,100,64.295,0,0
36.3824,0,100,64.3146,0,0
36.3998,0,100,64.3342,0,0
36.4173,0,100,64.3537,0,0
36.4346,0,100,64.3733,0,0
36.452,0,100,64.3929,0,0
36.4694,0,100,64.4125,0,0
36.4868,0,100,64.4321,0,0
36.5042,0,100,64.4517,0,0
36.5216,0,100,64.4713,0,0
36.5391,0,100,64.4909,0,0
36.5565,0,100,64.5104,0,0
36.5742,0,100,64.53,0,0
36.5918,0,100,64.5496,0,0
36.6086,0,100,64.5692,0,0
36.6266,0,100,64.5888,0,0
36.6445,0,100,64.6084,0,0
36.6667,0,100,64.6279,0,0
36.6847,0,100,64.6474,0,0
36.7024,0,100,64.667,0,0
36.7208,0,100,64.6866,0,0
36.7387,0,100,64.7061,0,0
36.7564,0,100,64.7257,0,0
36.774,0,100,64.7453,0,0
36.7916,0,100,64.7649,0,0
36.8092,0,100,64.7844,0,0
36.8267,0,100,64.804,0,0
36.846,0,100,64.8236,0,0
36.8633,0,100,64.8431,0,0
36.8815,0,100,64.8627,0,0
36.8989,0,100,64.8823,0,0
36.9162,0,100,64.9019,0,0
36.9335,0,100,64.9215,0,0
36.9509,0,100,64.941,0,0
36.9684,0,100,64.9606,0,0
36.9857,0,100,64.9802,0,0
37.0031,0,100,64.9998,0,0
37.0204,0,100,65.0194,0,0
37.0377,0,100,65.039,0,0
37.055,0,100,65.0585,0,0
37.0725,0,100,65.0781,0,0
37.0899,0,100,65.0977,0,0
37.1073,0,100,65.1173,0,0
37.1248,0,100,65.1369,0,0
37.1423,0,100,65.1564,0,0
37.1598,0,100,65.176,0,0
37.182,0,100,65.1956,0,0
37.2007,0,100,65.2151,0,0
37.2181,0,100,65.2346,0,0
37.2355,0,100,65.2542,0,0
37.2528,0,100,65.2738,0,0
37.2696,0,100,65.2933,0,0
37.2869,0,100,65.3129,0,0
37.3044,0,100,65.3325,0,0
37.3218,0,100,65.3521,0,0
37.3392,0,100,65.3717,0,0
37.3566,0,100,65.3912,0,0
37.374,0,100,65.4108,0,0
37.3915,0,100,65.4304,0,0
37.4089,0,100,65.45,0,0
37.4263,0,100,65.4696,0,0
37.451,0,100,65.4891,0,0
37.4683,0,100,65.5085,0,0
37.4857,0,100,65.5281,0,0
37.5032,0,100,65.5477,0,0
37.5206,0,100,65.5673,0,0
37.5383,0,100,65.5868,0,0
37.5558,0,100,65.6064,0,0
37.5732,0,100,65.626,0,0
37.5907,0,100,65.6456,0,0
37.6081,0,100,65.6651,0,0
37.6255,0,100,65.6847,0,0
37.6426,0,100,65.7043,0,0
37.6599,0,100,65.7239,0,0
37.6773,0,100,65.7435,0,0
37.6986,0,100,65.763,0,0
37.7161,0,100,65.7825,0,0
37.7334,0,100,65.8021,0,0
37.7508,0,100,65.8217,0,0
37.7682,0,100,65.8412,0,0
37.7856,0,100,65.8608,0,0
37.803,0,100,65.8804,0,0
37.8204,0,100,65.9,0,0
37.8379,0,100,65.9195,0,0
37.8556,0,100,65.9391,0,0
37.873,0,100,65.9587,0,0
37.8904,0,100,65.9782,0,0
37.9078,0,100,65.9978,0,0
37.9252,0,100,66.0174,0,0
37.9426,0,100,66.0369,0,0
37.9599,0,100,66.0565,0,0
37.9828,0,100,66.0761,0,0
38.0002,0,100,66.0955,0,0
38.0176,0,100,66.1151,0,0
38.0349,0,100,66.1347,0,0
38.053,0,100,66.1542,0,0
38.0705,0,100,66.1738,0,0
38.0881,0,100,66.1934,0,0
38.1055,0,100,66.2129,0,0
38.123,0,100,66.2325,0,0
38.1404,0,100,66.2521,0,0
38.1588,0,100,66.2716,0,0
38.1759,0,100,66.2912,0,0
38.1957,0,100,66.3107,0,0
38.2134,0,100,66.3303,0,0
38.2317,0,100,66.3498,0,0
38.25,0,100,66.3694,0,0
38.2673,0,100,66.3889,0,0
38.2847,0,100,66.4085,0,0
38.302,0,100,66.428,0,0
38.3194,0,100,66.4476,0,0
38.3369,0,100,66.4672,0,0
38.3543,0,100,66.4868,0,0
38.3717,0,100,66.5063,0,0
38.3891,0,100,66.5259,0,0
38.4065,0,100,66.5455,0,0
38.424,0,100,66.565,0,0
38.4415,0,100,66.5846,0,0
38.4589,0,100,66.6041,0,0
38.4763,0,100,66.6237,0,0
38.4986,0,100,66.6433,0,0
38.5162,0,100,66.6627,0,0
38.5337,0,100,66.6823,0,0
38.5506,0,100,66.7018,0,0
38.568,0,100,66.7214,0,0
38.5854,0,100,66.741,0,0
38.6029,0,100,66.7605,0,0
38.6203,0,100,66.7801,0,0
38.637,0,100,66.7997,0,0
38.6544,0,100,66.8192,0,0
38.6719,0,100,66.8388,0,0
38.6894,0,100,66.8584,0,0
38.7068,0,100,66.8779,0,0
38.7244,0,100,66.8975,0,0
38.7421,0,100,66.917,0,0
38.7596,0,100,66.9366,0,0
38.7817,0,100,66.9562,0,0
38.7991,0,100,66.9756,0,0
38.8165,0,100,66.9952,0,0
38.834,0,100,67.0147,0,0
38.8515,0,100,67.0343,0,0
38.8689,0,100,67.0538,0,0
38.8864,0,100,67.0734,0,0
38.904,0,100,67.093,0,0
38.9215,0,100,67.1125,0,0
38.9391,0,100,67.1321,0,0
38.9566,0,100,67.1516,0,0
38.9747,0,100,67.1712,0,0
38.9923,0,100,67.1907,0,0
39.0099,0,100,67.2103,0,0
39.0319,0,100,67.2298,0,0
39.0495,0,100,67.2493,0,0
39.068,0,100,67.2688,0,0
39.0854,0,100,67.2884,0,0
39.1036,0,100,67.3079,0,0
39.1247,0,100,67.3275,0,0
39.1424,0,100,67.3469,0,0
39.16,0,100,67.3665,0,0
39.1808,0,100,67.386,0,0
39.1992,0,100,67.4055,0,0
39.2168,0,100,67.425,0,0
39.2344,0,100,67.4446,0,0
39.2521,0,100,67.4641,0,0
39.2695,0,100,67.4837,0,0
39.2871,0,100,67.5032,0,0
39.3047,0,100,67.5228,0,0
39.3223,0,100,67.5424,0,0
39.3406,0,100,67.5619,0,0
39.3581,0,100,67.5814,0,0
39.3755,0,100,67.601,0,0
39.3931,0,100,67.6205,0,0
39.4105,0,100,67.6401,0,0
39.4338,0,100,67.6597,0,0
39.4514,0,100,67.6791,0,0
39.4689,0,100,67.6986,0,0
39.4863,0,100,67.7182,0,0
39.5037,0,100,67.7377,0,0
39.5213,0,100,67.7573,0,0
39.5388,0,100,67.7768,0,0
39.5562,0,100,67.7964,0,0
39.5736,0,100,67.8159,0,0
39.591,0,100,67.8355,0,0
39.6084,0,100,67.855,0,0
39.6258,0,100,67.8746,0,0
39.6431,0,100,67.8941,0,0
39.6646,0,100,67.9137,0,0
39.682,0,100,67.9332,0,0
39.6994,0,100,67.9527,0,0
39.7169,0,100,67.9723,0,0
39.7344,0,100,67.9918,0,0
39.752,0,100,68.0113,0,0
39.7695,0,100,68.0309,0,0
39.787,0,100,68.0504,0,0
39.8052,0,100,68.07,0,0
39.8237,0,100,68.0895,0,0
39.8414,0,100,68.109,0,0
39.8599,0,100,68.1286,0,0
39.8782,0,100,68.1481,0,0
39.9018,0,100,68.1676,0,0
39.9205,0,100,68.187,0,0
39.9393,0,100,68.2065,0,0
39.9582,0,100,68.226,0,0
39.9815,0,100,68.2456,0,0
39.9989,0,100,68.2649,0,0
40.0164,0,100,68.2845,0,0
40.0346,0,100,68.304,0,0
40.0527,0,100,68.3236,0,0
40.071,0,100,68.3431,0,0
40.0896,0,100,68.3626,0,0
40.1084,0,100,68.3821,0,0
40.1265,0,100,68.4016,0,0
40.1463,0,100,68.4212,0,0
40.1668,0,100,68.4407,0,0
40.1855,0,100,68.4601,0,0
40.2038,0,100,68.4796,0,0
40.2222,0,100,68.4992,0,0
40.2409,0,100,68.5187,0,0
40.2592,0,100,68.5382,0,0
40.2779,0,100,68.5577,0,0
40.3004,0,100,68.5772,0,0
40.3205,0,100,68.5966,0,0
40.3382,0,100,68.6161,0,0
40.3557,0,100,68.6356,0,0
40.3732,0,100,68.6552,0,0
40.3908,0,100,68.6747,0,0
40.4085,0,100,68.6943,0,0
40.426,0,100,68.7138,0,0
40.4427,0,100,68.7333,0,0
40.4606,0,100,68.7529,0,0
40.4797,0,100,68.7724,0,0
40.4999,0,100,68.7919,0,0
40.5174,0,100,68.8114,0,0
40.5348,0,100,68.8309,0,0
40.5523,0,100,68.8505,0,0
40.5698,0,100,68.87,0,0
40.5877,0,100,68.8896,0,0
40.6052,0,100,68.9091,0,0
40.6228,0,100,68.9286,0,0
40.6405,0,100,68.9482,0,0
40.6587,0,100,68.9677,0,0
40.6761,0,100,68.9872,0,0
40.7004,0,100,69.0068,0,0
40.7187,0,100,69.0261,0,0
40.7371,0,100,69.0456,0,0
40.7555,0,100,69.0651,0,0
40.7743,0,100,69.0847,0,0
40.7931,0,100,69.1042,0,0
40.8119,0,100,69.1237,0,0
40.8342,0,100,69.1432,0,0
40.8519,0,100,69.1626,0,0
40.8697,0,100,69.1821,0,0
40.8874,0,100,69.2016,0,0
40.907,0,100,69.2212,0,0
40.9245,0,100,69.2406,0,0
40.9421,0,100,69.2602,0,0
40.9596,0,100,69.2797,0,0
40.9771,0,100,69.2992,0,0
40.9989,0,100,69.3188,0,0
41.0164,0,100,69.3382,0,0
41.0338,0,100,69.3577,0,0
41.0514,0,100,69.3773,0,0
41.069,0,100,69.3968,0,0
41.0865,0,100,69.4163,0,0
41.1039,0,100,69.4359,0,0
41.1214,0,100,69.4554,0,0
41.1388,0,100,69.4749,0,0
41.1563,0,100,69.4945,0,0
41.1738,0,100,69.514,0,0
41.1914,0,100,69.5335,0,0
41.2088,0,100,69.5531,0,0
41.2263,0,100,69.5726,0,0
41.2438,0,100,69.5921,0,0
41.2651,0,100,69.6116,0,0
41.2826,0,100,69.6311,0,0
41.3018,0,100,69.6506,0,0
41.3194,0,100,69.6701,0,0
41.337,0,100,69.6896,0,0
41.3544,0,100,69.7092,0,0
41.372,0,100,69.7287,0,0
41.3896,0,100,69.7482,0,0
41.4072,0,100,69.7677,0,0
41.4247,0,100,69.7873,0,0
41.4422,0,100,69.8068,0,0
41.4601,0,100,69.8263,0,0
41.4787,0,100,69.8458,0,0
41.4972,0,100,69.8653,0,0
41.5146,0,100,69.8848,0,0
41.5322,0,100,69.9044,0,0
41.5499,0,100,69.9239,0,0
41.568,0,100,69.9434,0,0
41.5855,0,100,69.9629,0,0
41.6031,0,100,69.9825,0,0
41.6208,0,100,70.002,0,0
41.639,0,100,70.0215,0,0
41.6574,0,100,70.041,0,0
41.6757,0,100,70.0605,0,0
41.6993,0,100,70.08,0,0
41.717,0,100,70.0994,0,0
41.7348,0,100,70.1189,0,0
41.7523,0,100,70.1384,0,0
41.7704,0,100,70.158,0,0
41.7879,0,100,70.1775,0,0
41.8054,0,100,70.197,0,0
41.8229,0,100,70.2165,0,0
41.8405,0,100,70.236,0,0
41.8581,0,100,70.2556,0,0
41.876,0,100,70.2751,0,0
41.8935,0,100,70.2946,0,0
41.9137,0,100,70.3141,0,0
41.9312,0,100,70.3336,0,0
41.9487,0,100,70.3531,0,0
41.9666,0,100,70.3726,0,0
41.9841,0,100,70.3921,0,0
42.0018,0,100,70.4117,0,0
42.02,0,100,70.4312,0,0
42.0383,0,100,70.4507,0,0
42.057,0,100,70.4702,0,0
42.0747,0,100,70.4897,0,0
42.0932,0,100,70.5092,0,0
42.1109,0,100,70.5287,0,0
42.1331,0,100,70.5482,0,0
42.151,0,100,70.5676,0,0
42.1688,0,100,70.5871,0,0
42.1863,0,100,70.6066,0,0
42.2038,0,100,70.6261,0,0
42.2214,0,100,70.6457,0,0
42.238,0,100,70.6652,0,0
42.2553,0,100,70.6847,0,0
42.2728,0,100,70.7042,0,0
42.29,0,100,70.7238,0,0
42.3075,0,100,70.7433,0,0
42.3251,0,100,70.7628,0,0
42.3417,0,100,70.7823,0,0
42.3593,0,100,70.8019,0,0
42.3765,0,100,70.8214,0,0
42.399,0,100,70.8409,0,0
42.4172,0,100,70.8603,0,0
42.4355,0,100,70.8798,0,0
42.4536,0,100,70.8993,0,0
42.4713,0,100,70.9188,0,0
42.4889,0,100,70.9383,0,0
42.507,0,100,70.9578,0,0
42.5247,0,100,70.9773,0,0
42.5424,0,100,70.9968,0,0
42.5599,0,100,71.0163,0,0
42.5775,0,100,71.0359,0,0
42.601,0,100,71.0554,0,0
42.6185,0,100,71.0747,0,0
42.6362,0,100,71.0942,0,0
42.6541,0,100,71.1137,0,0
42.6725,0,100,71.1332,0,0
42.6909,0,100,71.1527,0,0
42.7093,0,100,71.1722,0,0
42.7336,0,100,71.1917,0,0
42.7517,0,100,71.2111,0,0
42.7696,0,100,71.2305,0,0
42.7879,0,100,71.2501,0,0
42.8059,0,100,71.2695,0,0
42.8246,0,100,71.289,0,0
42.8428,0,100,71.3085,0,0
42.8664,0,100,71.328,0,0
42.8844,0,100,71.3474,0,0
42.9025,0,100,71.3669,0,0
42.9211,0,100,71.3864,0,0
42.94,0,100,71.4058,0,0
42.9578,0,100,71.4253,0,0
42.9762,0,100,71.4448,0,0
43.0002,0,100,71.4643,0,0
43.0186,0,100,71.4836,0,0
43.0364,0,100,71.5031,0,0
43.0549,0,100,71.5226,0,0
43.0737,0,100,71.5421,0,0
43.0922,0,100,71.5616,0,0
43.1106,0,100,71.5811,0,0
43.1332,0,100,71.6006,0,0
43.1513,0,100,71.6199,0,0
43.1695,0,100,71.6394,0,0
43.1881,0,100,71.6589,0,0
43.2061,0,100,71.6784,0,0
43.2248,0,100,71.6979,0,0
43.2434,0,100,71.7174,0,0
43.2678,0,100,71.7368,0,0
43.2861,0,100,71.7562,0,0
43.3039,0,100,71.7756,0,0
43.3225,0,100,71.7951,0,0
43.3412,0,100,71.8146,0,0
43.3599,0,100,71.8341,0,0
43.3785,0,100,71.8536,0,0
43.4013,0,100,71.8731,0,0
43.4198,0,100,71.8924,0,0
43.4386,0,100,71.9119,0,0
43.4571,0,100,71.9314,0,0
43.4759,0,100,71.9508,0,0
43.4996,0,100,71.9703,0,0
43.5181,0,100,71.9896,0,0
43.5372,0,100,72.0091,0,0
43.5553,0,100,72.0286,0,0
43.5738,0,100,72.0481,0,0
43.5931,0,100,72.0675,0,0
43.6163,0,100,72.087,0,0
43.6354,0,100,72.1063,0,0
43.6541,0,100,72.1258,0,0
43.6731,0,100,72.1453,0,0
43.6913,0,100,72.1647,0,0
43.7096,0,100,72.1842,0,0
43.7293,0,100,72.2037,0,0
43.7496,0,100,72.2231,0,0
43.7684,0,100,72.2426,0,0
43.7873,0,100,72.262,0,0
43.8064,0,100,72.2815,0,0
43.8256,0,100,72.3009,0,0
43.8489,0,100,72.3204,0,0
43.8678,0,100,72.3397,0,0
43.886,0,100,72.3592,0,0
43.9038,0,100,72.3787,0,0
43.923,0,100,72.3982,0,0
43.9419,0,100,72.4176,0,0
43.96,0,100,72.4371,0,0
43.9842,0,100,72.4566,0,0
44.0019,0,100,72.4759,0,0
44.0194,0,100,72.4954,0,0
44.037,0,100,72.5149,0,0
44.0545,0,100,72.5344,0,0
44.0719,0,100,72.5539,0,0
44.0893,0,100,72.5734,0,0
44.1067,0,100,72.5929,0,0
44.1242,0,100,72.6124,0,0
44.1418,0,100,72.6319,0,0
44.1593,0,100,72.6514,0,0
44.1768,0,100,72.6709,0,0
44.1942,0,100,72.6904,0,0
44.215,0,100,72.7099,0,0
44.2325,0,100,72.7293,0,0
44.2502,0,100,72.7488,0,0
44.2678,0,100,72.7683,0,0
44.2854,0,100,72.7878,0,0
44.3031,0,100,72.8073,0,0
44.3207,0,100,72.8268,0,0
44.3383,0,100,72.8463,0,0
44.3557,0,100,72.8658,0,0
44.3733,0,100,72.8853,0,0
44.3907,0,100,72.9048,0,0
44.4082,0,100,72.9243,0,0
44.4258,0,100,72.9438,0,0
44.4433,0,100,72.9632,0,0
44.4639,0,100,72.9827,0,0
44.4814,0,100,73.0022,0,0
44.4989,0,100,73.0216,0,0
44.5163,0,100,73.0411,0,0
44.534,0,100,73.0606,0,0
44.5514,0,100,73.0801,0,0
44.5689,0,100,73.0996,0,0
44.5863,0,100,73.1191,0,0
44.6037,0,100,73.1386,0,0
44.6211,0,100,73.1581,0,0
44.6387,0,100,73.1776,0,0
44.6562,0,100,73.1971,0,0
44.6738,0,100,73.2166,0,0
44.6914,0,100,73.2361,0,0
44.7091,0,100,73.2556,0,0
44.7273,0,100,73.2751,0,0
44.7509,0,100,73.2945,0,0
44.7692,0,100,73.3139,0,0
44.7883,0,100,73.3333,0,0
44.8066,0,100,73.3528,0,0
44.8242,0,100,73.3722,0,0
44.8418,0,100,73.3917,0,0
44.8593,0,100,73.4112,0,0
44.8769,0,100,73.4307,0,0
44.895,0,100,73.4502,0,0
44.9128,0,100,73.4697,0,0
44.9303,0,100,73.4892,0,0
44.9479,0,100,73.5087,0,0
44.9654,0,100,73.5281,0,0
44.9828,0,100,73.5476,0,0
45.0003,0,100,73.5671,0,0
45.0179,0,100,73.5866,0,0
45.0354,0,100,73.6061,0,0
45.0531,0,100,73.6256,0,0
45.0708,0,100,73.6451,0,0
45.0883,0,100,73.6646,0,0
45.106,0,100,73.684,0,0
45.1236,0,100,73.7035,0,0
45.1418,0,100,73.723,0,0
45.1601,0,100,73.7425,0,0
45.184,0,100,73.7619,0,0
45.2016,0,100,73.7812,0,0
45.2192,0,100,73.8007,0,0
45.2368,0,100,73.8202,0,0
45.2544,0,100,73.8397,0,0
45.2726,0,100,73.8592,0,0
45.2908,0,100,73.8787,0,0
45.3093,0,100,73.8981,0,0
45.3275,0,100,73.9176,0,0
45.3505,0,100,73.937,0,0
45.369,0,100,73.9564,0,0
45.3876,0,100,73.9758,0,0
45.4063,0,100,73.9953,0,0
45.4251,0,100,74.0147,0,0
45.4439,0,100,74.0342,0,0
45.4655,0,100,74.0536,0,0
45.4837,0,100,74.073,0,0
45.5024,0,100,74.0924,0,0
45.5213,0,100,74.1119,0,0
45.5401,0,100,74.1313,0,0
45.559,0,100,74.1508,0,0
45.5835,0,100,74.1702,0,0
45.6011,0,100,74.1895,0,0
45.6189,0,100,74.209,0,0
45.6363,0,100,74.2284,0,0
45.6537,0,100,74.2479,0,0
45.6712,0,100,74.2674,0,0
45.6885,0,100,74.2869,0,0
45.7059,0,100,74.3064,0,0
45.7234,0,100,74.3259,0,0
45.741,0,100,74.3454,0,0
45.7585,0,100,74.3648,0,0
45.776,0,100,74.3843,0,0
45.7934,0,100,74.4038,0,0
45.8149,0,100,74.4233,0,0
45.8324,0,100,74.4426,0,0
45.8498,0,100,74.4621,0,0
45.8672,0,100,74.4816,0,0
45.8847,0,100,74.5011,0,0
45.9021,0,100,74.5206,0,0
45.9195,0,100,74.5401,0,0
45.9368,0,100,74.5595,0,0
45.9542,0,100,74.579,0,0
45.9716,0,100,74.5985,0,0
45.9891,0,100,74.618,0,0
46.0065,0,100,74.6375,0,0
46.024,0,100,74.6569,0,0
46.0414,0,100,74.6764,0,0
46.0592,0,100,74.6959,0,0
46.0765,0,100,74.7154,0,0
46.093,0,100,74.7349,0,0
46.1168,0,100,74.7544,0,0
46.1343,0,100,74.7737,0,0
46.1517,0,100,74.7931,0,0
46.1691,0,100,74.8126,0,0
46.1865,0,100,74.8321,0,0
46.2041,0,100,74.8516,0,0
46.2215,0,100,74.871,0,0
46.239,0,100,74.8905,0,0
46.2564,0,100,74.91,0,0
46.2739,0,100,74.9295,0,0
46.2914,0,100,74.949,0,0
46.3089,0,100,74.9684,0,0
46.3264,0,100,74.9879,0,0
46.3491,0,100,75.0074,0,0
46.3667,0,100,75.0267,0,0
46.3843,0,100,75.0462,0,0
46.4018,0,100,75.0656,0,0
46.4193,0,100,75.0851,0,0
46.4369,0,100,75.1046,0,0
46.4546,0,100,75.1241,0,0
46.4724,0,100,75.1435,0,0
46.4906,0,100,75.163,0,0
46.5089,0,100,75.1824,0,0
46.5266,0,100,75.2019,0,0
46.549,0,100,75.2214,0,0
46.5667,0,100,75.2407,0,0
46.5844,0,100,75.2601,0,0
46.602,0,100,75.2796,0,0
46.6208,0,100,75.2991,0,0
46.6391,0,100,75.3185,0,0
46.658,0,100,75.338,0,0
46.6765,0,100,75.3574,0,0
46.6953,0,100,75.3768,0,0
46.7167,0,100,75.3963,0,0
46.7353,0,100,75.4156,0,0
46.7538,0,100,75.4351,0,0
46.7723,0,100,75.4545,0,0
46.7907,0,100,75.4739,0,0
46.8096,0,100,75.4934,0,0
46.8286,0,100,75.5128,0,0
46.8513,0,100,75.5322,0,0
46.8699,0,100,75.5515,0,0
46.8886,0,100,75.571,0,0
46.9069,0,100,75.5904,0,0
46.9258,0,100,75.6099,0,0
46.9494,0,100,75.6293,0,0
46.9677,0,100,75.6486,0,0
46.986,0,100,75.668,0,0
47.0049,0,100,75.6875,0,0
47.0231,0,100,75.7069,0,0
47.0413,0,100,75.7263,0,0
47.0595,0,100,75.7458,0,0
47.0829,0,100,75.7652,0,0
47.1014,0,100,75.7845,0,0
47.1198,0,100,75.8039,0,0
47.1384,0,100,75.8234,0,0
47.1567,0,100,75.8428,0,0
47.1754,0,100,75.8623,0,0
47.1937,0,100,75.8817,0,0
47.2168,0,100,75.9011,0,0
47.2347,0,100,75.9204,0,0
47.2531,0,100,75.9399,0,0
47.2718,0,100,75.9593,0,0
47.2906,0,100,75.9787,0,0
47.3096,0,100,75.9982,0,0
47.328,0,100,76.0176,0,0
47.351,0,100,76.037,0,0
47.3687,0,100,76.0563,0,0
47.3872,0,100,76.0758,0,0
47.406,0,100,76.0952,0,0
47.4248,0,100,76.1146,0,0
47.4436,0,100,76.1341,0,0
47.4649,0,100,76.1535,0,0
47.4835,0,100,76.1728,0,0
47.502,0,100,76.1923,0,0
47.5208,0,100,76.2117,0,0
47.5393,0,100,76.2311,0,0
47.5568,0,100,76.2505,0,0
47.5745,0,100,76.27,0,0
47.5921,0,100,76.2895,0,0
47.6097,0,100,76.3089,0,0
47.6277,0,100,76.3284,0,0
47.6488,0,100,76.3478,0,0
47.6667,0,100,76.3672,0,0
47.685,0,100,76.3866,0,0
47.7031,0,100,76.4061,0,0
47.7217,0,100,76.4255,0,0
47.7402,0,100,76.4449,0,0
47.7586,0,100,76.4643,0,0
47.7772,0,100,76.4838,0,0
47.797,0,100,76.5032,0,0
47.8174,0,100,76.5226,0,0
47.8363,0,100,76.542,0,0
47.8546,0,100,76.5614,0,0
47.8727,0,100,76.5808,0,0
47.8912,0,100,76.6003,0,0
47.9098,0,100,76.6197,0,0
47.9276,0,100,76.6391,0,0
47.9493,0,100,76.6585,0,0
47.9672,0,100,76.6779,0,0
47.9847,0,100,76.6973,0,0
48.0022,0,100,76.7168,0,0
48.0196,0,100,76.7362,0,0
48.0371,0,100,76.7557,0,0
48.0546,0,100,76.7751,0,0
48.0722,0,100,76.7946,0,0
48.0897,0,100,76.814,0,0
48.1072,0,100,76.8335,0,0
48.1247,0,100,76.853,0,0
48.1422,0,100,76.8724,0,0
48.1597,0,100,76.8919,0,0
48.1813,0,100,76.9113,0,0
48.1988,0,100,76.9306,0,0
48.2164,0,100,76.9501,0,0
48.234,0,100,76.9696,0,0
48.2515,0,100,76.989,0,0
48.269,0,100,77.0085,0,0
48.2864,0,100,77.0279,0,0
48.304,0,100,77.0474,0,0
48.3216,0,100,77.0668,0,0
48.339,0,100,77.0863,0,0
48.3565,0,100,77.1057,0,0
48.3747,0,100,77.1252,0,0
48.3921,0,100,77.1446,0,0
48.4096,0,100,77.1641,0,0
48.4271,0,100,77.1835,0,0
48.4494,0,100,77.203,0,0
48.4669,0,100,77.2223,0,0
48.4845,0,100,77.2417,0,0
48.502,0,100,77.2612,0,0
48.5196,0,100,77.2806,0,0
48.5376,0,100,77.3001,0,0
48.5553,0,100,77.3195,0,0
48.573,0,100,77.339,0,0
48.5911,0,100,77.3584,0,0
48.6095,0,100,77.3779,0,0
48.6279,0,100,77.3973,0,0
48.6497,0,100,77.4167,0,0
48.6677,0,100,77.436,0,0
48.6853,0,100,77.4554,0,0
48.7037,0,100,77.4749,0,0
48.7215,0,100,77.4943,0,0
48.7392,0,100,77.5137,0,0
48.7557,0,100,77.5332,0,0
48.7725,0,100,77.5527,0,0
48.7893,0,100,77.5721,0,0
48.8062,0,100,77.5916,0,0
48.8238,0,100,77.6111,0,0
48.8404,0,100,77.6305,0,0
48.858,0,100,77.65,0,0
48.875,0,100,77.6694,0,0
48.8916,0,100,77.6889,0,0
48.9092,0,100,77.7084,0,0
48.9266,0,100,77.7278,0,0
48.9486,0,100,77.7473,0,0
48.966,0,100,77.7666,0,0
48.9826,0,100,77.786,0,0
49,0,100,77.8055,0,0
49.0174,0,100,77.825,0,0
49.0342,0,100,77.8444,0,0
49.0516,0,100,77.8639,0,0
49.0689,0,100,77.8833,0,0
49.0864,0,100,77.9028,0,0
49.1038,0,100,77.9222,0,0
49.1214,0,100,77.9417,0,0
49.1389,0,100,77.9611,0,0
49.1565,0,100,77.9805,0,0
49.1741,0,100,78,0,0
49.1917,0,100,78.0194,0,0
49.2092,0,100,78.0389,0,0
49.2268,0,100,78.0583,0,0
49.2485,0,100,78.0777,0,0
49.266,0,100,78.0971,0,0
49.2835,0,100,78.1165,0,0
49.3011,0,100,78.1359,0,0
49.3186,0,100,78.1554,0,0
49.3367,0,100,78.1748,0,0
49.3542,0,100,78.1942,0,0
49.3717,0,100,78.2137,0,0
49.3891,0,100,78.2331,0,0
49.4067,0,100,78.2526,0,0
49.4243,0,100,78.272,0,0
49.4419,0,100,78.2914,0,0
49.4594,0,100,78.3109,0,0
49.477,0,100,78.3303,0,0
49.4945,0,100,78.3497,0,0
49.5157,0,100,78.3692,0,0
49.5333,0,100,78.3885,0,0
49.5509,0,100,78.4079,0,0
49.5684,0,100,78.4274,0,0
49.5858,0,100,78.4468,0,0
49.6033,0,100,78.4663,0,0
49.6207,0,100,78.4857,0,0
49.6381,0,100,78.5051,0,0
49.6556,0,100,78.5246,0,0
49.6731,0,100,78.544,0,0
49.6907,0,100,78.5635,0,0
49.7088,0,100,78.5829,0,0
49.7265,0,100,78.6023,0,0
49.7505,0,100,78.6217,0,0
49.7694,0,100,78.641,0,0
49.7882,0,100,78.6604,0,0
49.807,0,100,78.6797,0,0
49.8257,0,100,78.6991,0,0
49.8509,0,100,78.7185,0,0
49.8693,0,100,78.7377,0,0
49.8875,0,100,78.7571,0,0
49.9054,0,100,78.7765,0,0
49.9231,0,100,78.796,0,0
49.9416,0,100,78.8154,0,0
49.9598,0,100,78.8348,0,0
49.9836,0,100,78.8542,0,0
50.0013,0,100,78.8734,0,0
50.0188,0,100,78.8929,0,0
50.0364,0,100,78.9123,0,0
50.054,0,100,78.9317,0,0
50.0715,0,100,78.9512,0,0
50.0891,0,100,78.9706,0,0
50.1071,0,100,78.99,0,0
50.1254,0,100,79.0094,0,0
50.1486,0,100,79.0288,0,0
50.1672,0,100,79.0481,0,0
50.1861,0,100,79.0675,0,0
50.2047,0,100,79.0869,0,0
50.2235,0,100,79.1063,0,0
50.2415,0,100,79.1257,0,0
50.2595,0,100,79.1451,0,0
50.2793,0,100,79.1645,0,0
50.2977,0,100,79.1839,0,0
50.3175,0,100,79.2033,0,0
50.3363,0,100,79.2226,0,0
50.3551,0,100,79.242,0,0
50.3729,0,100,79.2614,0,0
50.3919,0,100,79.2808,0,0
50.4161,0,100,79.3002,0,0
50.4344,0,100,79.3194,0,0
50.452,0,100,79.3388,0,0
50.4708,0,100,79.3582,0,0
50.4895,0,100,79.3776,0,0
50.5076,0,100,79.397,0,0
50.5281,0,100,79.4164,0,0
50.5467,0,100,79.4357,0,0
50.5672,0,100,79.4551,0,0
50.5854,0,100,79.4745,0,0
50.6047,0,100,79.4939,0,0
50.6233,0,100,79.5132,0,0
50.6417,0,100,79.5326,0,0
50.6606,0,100,79.552,0,0
50.6804,0,100,79.5714,0,0
50.7005,0,100,79.5908,0,0
50.7231,0,100,79.6101,0,0
50.7408,0,100,79.6294,0,0
50.7585,0,100,79.6488,0,0
50.7761,0,100,79.6682,0,0
50.798,0,100,79.6876,0,0
50.8158,0,100,79.7069,0,0
50.8334,0,100,79.7263,0,0
50.8509,0,100,79.7457,0,0
50.8686,0,100,79.7652,0,0
50.8862,0,100,79.7846,0,0
50.9043,0,100,79.804,0,0
50.9225,0,100,79.8234,0,0
50.9407,0,100,79.8428,0,0
50.959,0,100,79.8622,0,0
50.9765,0,100,79.8816,0,0
51.0005,0,100,79.901,0,0
51.0179,0,100,79.9202,0,0
51.0353,0,100,79.9397,0,0
51.0526,0,100,79.9591,0,0
51.0701,0,100,79.9785,0,0
51.0871,0,100,79.9979,0,0
51.1054,0,100,80.0174,0,0
51.1231,0,100,80.0368,0,0
51.1406,0,100,80.0562,0,0
51.1587,0,100,80.0756,0,0
51.1762,0,100,80.095,0,0
51.1975,0,100,80.1144,0,0
51.2148,0,100,80.1337,0,0
51.2323,0,100,80.1532,0,0
51.2503,0,100,80.1726,0,0
51.2677,0,100,80.192,0,0
51.2856,0,100,80.2114,0,0
51.3034,0,100,80.2308,0,0
51.3214,0,100,80.2502,0,0
51.34,0,100,80.2696,0,0
51.358,0,100,80.289,0,0
51.3762,0,100,80.3084,0,0
51.3985,0,100,80.3278,0,0
51.4168,0,100,80.3471,0,0
51.435,0,100,80.3665,0,0
51.4532,0,100,80.3859,0,0
51.4713,0,100,80.4053,0,0
51.4896,0,100,80.4247,0,0
51.508,0,100,80.4441,0,0
51.5265,0,100,80.4634,0,0
51.5456,0,100,80.4828,0,0
51.5672,0,100,80.5022,0,0
51.5862,0,100,80.5215,0,0
51.6053,0,100,80.5408,0,0
51.6245,0,100,80.5602,0,0
51.6438,0,100,80.5796,0,0
51.6663,0,100,80.5989,0,0
51.6841,0,100,80.6182,0,0
51.7016,0,100,80.6376,0,0
51.7193,0,100,80.657,0,0
51.737,0,100,80.6764,0,0
51.7546,0,100,80.6958,0,0
51.7721,0,100,80.7152,0,0
51.7895,0,100,80.7346,0,0
51.8072,0,100,80.7541,0,0
51.8245,0,100,80.7735,0,0
51.8419,0,100,80.7929,0,0
51.8592,0,100,80.8123,0,0
51.8765,0,100,80.8317,0,0
51.8958,0,100,80.8511,0,0
51.9132,0,100,80.8705,0,0
51.931,0,100,80.8899,0,0
51.9483,0,100,80.9093,0,0
51.9656,0,100,80.9287,0,0
51.9829,0,100,80.9481,0,0
52.0002,0,100,80.9676,0,0
52.0175,0,100,80.987,0,0
52.0348,0,100,81.0064,0,0
52.0521,0,100,81.0258,0,0
52.0695,0,100,81.0452,0,0
52.0868,0,100,81.0646,0,0
52.1043,0,100,81.0841,0,0
52.1217,0,100,81.1035,0,0
52.1382,0,100,81.1229,0,0
52.1556,0,100,81.1423,0,0
52.1731,0,100,81.1618,0,0
52.1905,0,100,81.1812,0,0
52.2079,0,100,81.2006,0,0
52.2253,0,100,81.22,0,0
52.243,0,100,81.2394,0,0
52.2675,0,100,81.2588,0,0
52.2849,0,100,81.278,0,0
52.3023,0,100,81.2974,0,0
52.3197,0,100,81.3168,0,0
52.3372,0,100,81.3362,0,0
52.3546,0,100,81.3556,0,0
52.372,0,100,81.375,0,0
52.3886,0,100,81.3944,0,0
52.4061,0,100,81.4138,0,0
52.4236,0,100,81.4333,0,0
52.4412,0,100,81.4527,0,0
52.4586,0,100,81.4721,0,0
52.4752,0,100,81.4915,0,0
52.4927,0,100,81.5109,0,0
52.5102,0,100,81.5303,0,0
52.5335,0,100,81.5497,0,0
52.551,0,100,81.5689,0,0
52.5684,0,100,81.5884,0,0
52.5858,0,100,81.6078,0,0
52.6032,0,100,81.6272,0,0
52.6206,0,100,81.6466,0,0
52.638,0,100,81.666,0,0
52.6554,0,100,81.6854,0,0
52.6728,0,100,81.7048,0,0
52.6903,0,100,81.7242,0,0
52.7077,0,100,81.7436,0,0
52.7251,0,100,81.763,0,0
52.7426,0,100,81.7824,0,0
52.76,0,100,81.8018,0,0
52.777,0,100,81.8213,0,0
52.7979,0,100,81.8407,0,0
52.8166,0,100,81.86,0,0
52.8339,0,100,81.8793,0,0
52.8513,0,100,81.8987,0,0
52.8687,0,100,81.9181,0,0
52.8854,0,100,81.9376,0,0
52.9028,0,100,81.957,0,0
52.9203,0,100,81.9764,0,0
52.9377,0,100,81.9958,0,0
52.9552,0,100,82.0152,0,0
52.9728,0,100,82.0346,0,0
52.991,0,100,82.054,0,0
53.0092,0,100,82.0734,0,0
53.0318,0,100,82.0928,0,0
53.0503,0,100,82.112,0,0
53.0689,0,100,82.1313,0,0
53.0869,0,100,82.1507,0,0
53.1054,0,100,82.1701,0,0
53.1238,0,100,82.1894,0,0
53.1422,0,100,82.2088,0,0
53.167,0,100,82.2282,0,0
53.1844,0,100,82.2473,0,0
53.2027,0,100,82.2667,0,0
53.2213,0,100,82.2861,0,0
53.2393,0,100,82.3055,0,0
53.2577,0,100,82.3248,0,0
53.2765,0,100,82.3442,0,0
53.3003,0,100,82.3636,0,0
53.3188,0,100,82.3828,0,0
53.3363,0,100,82.4021,0,0
53.3547,0,100,82.4215,0,0
53.3731,0,100,82.4409,0,0
53.3919,0,100,82.4602,0,0
53.4106,0,100,82.4796,0,0
53.4352,0,100,82.4989,0,0
53.4532,0,100,82.5181,0,0
53.4708,0,100,82.5375,0,0
53.4883,0,100,82.5569,0,0
53.5058,0,100,82.5763,0,0
53.5234,0,100,82.5957,0,0
53.5409,0,100,82.6151,0,0
53.5584,0,100,82.6344,0,0
53.5759,0,100,82.6538,0,0
53.5934,0,100,82.6732,0,0
53.6164,0,100,82.6926,0,0
53.634,0,100,82.7118,0,0
53.6516,0,100,82.7312,0,0
53.6688,0,100,82.7506,0,0
53.6873,0,100,82.77,0,0
53.7057,0,100,82.7894,0,0
53.7244,0,100,82.8087,0,0
53.7427,0,100,82.8281,0,0
53.7691,0,100,82.8475,0,0
53.7876,0,100,82.8665,0,0
53.8052,0,100,82.8859,0,0
53.8229,0,100,82.9053,0,0
53.8398,0,100,82.9247,0,0
53.8581,0,100,82.9441,0,0
53.876,0,100,82.9634,0,0
53.8987,0,100,82.9828,0,0
53.9171,0,100,83.002,0,0
53.9355,0,100,83.0214,0,0
53.9541,0,100,83.0408,0,0
53.9727,0,100,83.0601,0,0
53.9906,0,100,83.0795,0,0
54.0092,0,100,83.0988,0,0
54.0322,0,100,83.1182,0,0
54.0507,0,100,83.1374,0,0
54.0712,0,100,83.1567,0,0
54.0888,0,100,83.176,0,0
54.1066,0,100,83.1954,0,0
54.1242,0,100,83.2148,0,0
54.1416,0,100,83.2342,0,0
54.159,0,100,83.2536,0,0
54.1765,0,100,83.273,0,0
54.1996,0,100,83.2924,0,0
54.2169,0,100,83.3115,0,0
54.2343,0,100,83.3309,0,0
54.2517,0,100,83.3503,0,0
54.2691,0,100,83.3697,0,0
54.2867,0,100,83.3891,0,0
54.3041,0,100,83.4085,0,0
54.3216,0,100,83.4279,0,0
54.3383,0,100,83.4473,0,0
54.3558,0,100,83.4667,0,0
54.3732,0,100,83.4861,0,0
54.3906,0,100,83.5055,0,0
54.408,0,100,83.5249,0,0
54.4255,0,100,83.5442,0,0
54.4431,0,100,83.5636,0,0
54.4648,0,100,83.583,0,0
54.4823,0,100,83.6022,0,0
54.4999,0,100,83.6216,0,0
54.5173,0,100,83.641,0,0
54.5347,0,100,83.6604,0,0
54.5521,0,100,83.6798,0,0
54.5695,0,100,83.6992,0,0
54.587,0,100,83.7186,0,0
54.6045,0,100,83.7379,0,0
54.622,0,100,83.7573,0,0
54.6394,0,100,83.7767,0,0
54.6568,0,100,83.7961,0,0
54.6743,0,100,83.8155,0,0
54.6918,0,100,83.8349,0,0
54.7092,0,100,83.8543,0,0
54.7267,0,100,83.8736,0,0
54.7441,0,100,83.893,0,0
54.7633,0,100,83.9124,0,0
54.7808,0,100,83.9317,0,0
54.7985,0,100,83.9511,0,0
54.8165,0,100,83.9705,0,0
54.8346,0,100,83.9898,0,0
54.8529,0,100,84.0092,0,0
54.8714,0,100,84.0285,0,0
54.8899,0,100,84.0479,0,0
54.9087,0,100,84.0672,0,0
54.9273,0,100,84.0866,0,0
54.9461,0,100,84.1059,0,0
54.9704,0,100,84.1252,0,0
54.988,0,100,84.1444,0,0
55.0057,0,100,84.1637,0,0
55.0233,0,100,84.1831,0,0
55.041,0,100,84.2025,0,0
55.0593,0,100,84.2219,0,0
55.0776,0,100,84.2412,0,0
55.1003,0,100,84.2606,0,0
55.118,0,100,84.2798,0,0
55.1358,0,100,84.2991,0,0
55.1534,0,100,84.3185,0,0
55.1724,0,100,84.3379,0,0
55.1898,0,100,84.3572,0,0
55.2079,0,100,84.3766,0,0
55.2254,0,100,84.3959,0,0
55.2435,0,100,84.4153,0,0
55.2659,0,100,84.4347,0,0
55.284,0,100,84.4539,0,0
55.3023,0,100,84.4732,0,0
55.3203,0,100,84.4926,0,0
55.339,0,100,84.5119,0,0
55.3573,0,100,84.5312,0,0
55.376,0,100,84.5506,0,0
55.3999,0,100,84.5699,0,0
55.4184,0,100,84.5891,0,0
55.4372,0,100,84.6084,0,0
55.455,0,100,84.6277,0,0
55.4753,0,100,84.6471,0,0
55.4927,0,100,84.6664,0,0
55.5092,0,100,84.6858,0,0
55.5265,0,100,84.7052,0,0
55.5451,0,100,84.7246,0,0
55.5649,0,100,84.7439,0,0
55.5826,0,100,84.7632,0,0
55.6008,0,100,84.7825,0,0
55.6182,0,100,84.8019,0,0
55.6354,0,100,84.8213,0,0
55.6531,0,100,84.8406,0,0
55.6704,0,100,84.86,0,0
55.6881,0,100,84.8794,0,0
55.7057,0,100,84.8988,0,0
55.7233,0,100,84.9181,0,0
55.7412,0,100,84.9375,0,0
55.7587,0,100,84.9568,0,0
55.776,0,100,84.9762,0,0
55.802,0,100,84.9956,0,0
55.8187,0,100,85.0147,0,0
55.8363,0,100,85.0341,0,0
55.8539,0,100,85.0534,0,0
55.8715,0,100,85.0728,0,0
55.8883,0,100,85.0921,0,0
55.906,0,100,85.1115,0,0
55.9235,0,100,85.1309,0,0
55.9409,0,100,85.1503,0,0
55.9583,0,100,85.1696,0,0
55.9758,0,100,85.189,0,0
55.9923,0,100,85.2084,0,0
56.0097,0,100,85.2278,0,0
56.0309,0,100,85.2472,0,0
56.0489,0,100,85.2664,0,0
56.0664,0,100,85.2857,0,0
56.084,0,100,85.3051,0,0
56.1015,0,100,85.3245,0,0
56.119,0,100,85.3438,0,0
56.1366,0,100,85.3632,0,0
56.1542,0,100,85.3826,0,0
56.1718,0,100,85.4019,0,0
56.1893,0,100,85.4213,0,0
56.2067,0,100,85.4407,0,0
56.2244,0,100,85.46,0,0
56.2421,0,100,85.4794,0,0
56.2602,0,100,85.4987,0,0
56.2784,0,100,85.5181,0,0
56.2976,0,100,85.5374,0,0
56.316,0,100,85.5567,0,0
56.3341,0,100,85.576,0,0
56.3519,0,100,85.5954,0,0
56.3701,0,100,85.6147,0,0
56.3879,0,100,85.6341,0,0
56.4054,0,100,85.6534,0,0
56.4229,0,100,85.6728,0,0
56.4404,0,100,85.6922,0,0
56.4579,0,100,85.7115,0,0
56.4754,0,100,85.7309,0,0
56.4932,0,100,85.7503,0,0
56.5155,0,100,85.7696,0,0
56.5345,0,100,85.7888,0,0
56.552,0,100,85.8081,0,0
56.5695,0,100,85.8275,0,0
56.5865,0,100,85.8468,0,0
56.6045,0,100,85.8662,0,0
56.6216,0,100,85.8856,0,0
56.6394,0,100,85.9049,0,0
56.6578,0,100,85.9243,0,0
56.6764,0,100,85.9436,0,0
56.6992,0,100,85.9629,0,0
56.7167,0,100,85.9821,0,0
56.7344,0,100,86.0014,0,0
56.7522,0,100,86.0208,0,0
56.7701,0,100,86.0402,0,0
56.7882,0,100,86.0595,0,0
56.8063,0,100,86.0788,0,0
56.8241,0,100,86.0982,0,0
56.8417,0,100,86.1175,0,0
56.8595,0,100,86.1369,0,0
56.8774,0,100,86.1562,0,0
56.8983,0,100,86.1756,0,0
56.9158,0,100,86.1948,0,0
56.9337,0,100,86.2142,0,0
56.9517,0,100,86.2335,0,0
56.9692,0,100,86.2528,0,0
56.9867,0,100,86.2722,0,0
57.0045,0,100,86.2916,0,0
57.0225,0,100,86.3109,0,0
57.0412,0,100,86.3302,0,0
57.0597,0,100,86.3495,0,0
57.0778,0,100,86.3689,0,0
57.0993,0,100,86.3882,0,0
57.1168,0,100,86.4074,0,0
57.1342,0,100,86.4268,0,0
57.1517,0,100,86.4461,0,0
57.1695,0,100,86.4655,0,0
57.1874,0,100,86.4848,0,0
57.2055,0,100,86.5042,0,0
57.2239,0,100,86.5235,0,0
57.2418,0,100,86.5428,0,0
57.2595,0,100,86.5622,0,0
57.2794,0,100,86.5815,0,0
57.2984,0,100,86.6008,0,0
57.3165,0,100,86.6201,0,0
57.3345,0,100,86.6394,0,0
57.3519,0,100,86.6587,0,0
57.3699,0,100,86.6781,0,0
57.3878,0,100,86.6974,0,0
57.4058,0,100,86.7168,0,0
57.424,0,100,86.7361,0,0
57.4424,0,100,86.7554,0,0
57.4644,0,100,86.7748,0,0
57.4825,0,100,86.7939,0,0
57.5001,0,100,86.8133,0,0
57.5188,0,100,86.8326,0,0
57.5365,0,100,86.8519,0,0
57.5539,0,100,86.8713,0,0
57.5713,0,100,86.8906,0,0
57.5893,0,100,86.91,0,0
57.6071,0,100,86.9293,0,0
57.6252,0,100,86.9487,0,0
57.6436,0,100,86.968,0,0
57.6629,0,100,86.9873,0,0
57.6805,0,100,87.0066,0,0
57.6996,0,100,87.0259,0,0
57.7182,0,100,87.0452,0,0
57.7364,0,100,87.0645,0,0
57.7549,0,100,87.0838,0,0
57.7729,0,100,87.1032,0,0
57.7906,0,100,87.1225,0,0
57.8087,0,100,87.1418,0,0
57.827,0,100,87.1611,0,0
57.8497,0,100,87.1805,0,0
57.8681,0,100,87.1996,0,0
57.8878,0,100,87.2189,0,0
57.9057,0,100,87.2382,0,0
57.9244,0,100,87.2575,0,0
57.9422,0,100,87.2768,0,0
57.9602,0,100,87.2962,0,0
57.9832,0,100,87.3155,0,0
58.0007,0,100,87.3346,0,0
58.0183,0,100,87.354,0,0
58.0356,0,100,87.3733,0,0
58.053,0,100,87.3927,0,0
58.0704,0,100,87.412,0,0
58.0878,0,100,87.4314,0,0
58.1052,0,100,87.4507,0,0
58.1225,0,100,87.4701,0,0
58.1398,0,100,87.4894,0,0
58.1572,0,100,87.5088,0,0
58.1744,0,100,87.5281,0,0
58.1918,0,100,87.5475,0,0
58.2092,0,100,87.5668,0,0
58.2264,0,100,87.5862,0,0
58.2531,0,100,87.6055,0,0
58.2705,0,100,87.6245,0,0
58.2879,0,100,87.6439,0,0
58.3053,0,100,87.6632,0,0
58.3226,0,100,87.6826,0,0
58.34,0,100,87.7019,0,0
58.3574,0,100,87.7213,0,0
58.3747,0,100,87.7406,0,0
58.3922,0,100,87.7599,0,0
58.4097,0,100,87.7793,0,0
58.4316,0,100,87.7986,0,0
58.4485,0,100,87.8178,0,0
58.4654,0,100,87.8372,0,0
58.4828,0,100,87.8565,0,0
58.5002,0,100,87.8759,0,0
58.5178,0,100,87.8952,0,0
58.5352,0,100,87.9146,0,0
58.5525,0,100,87.9339,0,0
58.5695,0,100,87.9532,0,0
58.5868,0,100,87.9726,0,0
58.6042,0,100,87.992,0,0
58.6215,0,100,88.0113,0,0
58.6389,0,100,88.0306,0,0
58.6562,0,100,88.05,0,0
58.6735,0,100,88.0693,0,0
58.6909,0,100,88.0887,0,0
58.7082,0,100,88.108,0,0
58.7256,0,100,88.1274,0,0
58.743,0,100,88.1467,0,0
58.7666,0,100,88.166,0,0
58.7839,0,100,88.1851,0,0
58.8013,0,100,88.2045,0,0
58.8187,0,100,88.2238,0,0
58.8363,0,100,88.2432,0,0
58.8536,0,100,88.2625,0,0
58.871,0,100,88.2818,0,0
58.8884,0,100,88.3012,0,0
58.9058,0,100,88.3205,0,0
58.9233,0,100,88.3399,0,0
58.9407,0,100,88.3592,0,0
58.9586,0,100,88.3785,0,0
58.9754,0,100,88.3979,0,0
58.9929,0,100,88.4172,0,0
59.0135,0,100,88.4365,0,0
59.0315,0,100,88.4558,0,0
59.0489,0,100,88.4751,0,0
59.0662,0,100,88.4944,0,0
59.0836,0,100,88.5138,0,0
59.1009,0,100,88.5331,0,0
59.1183,0,100,88.5524,0,0
59.1356,0,100,88.5718,0,0
59.153,0,100,88.5911,0,0
59.1703,0,100,88.6105,0,0
59.1878,0,100,88.6298,0,0
59.2053,0,100,88.6491,0,0
59.2227,0,100,88.6685,0,0
59.2401,0,100,88.6878,0,0
59.2568,0,100,88.7071,0,0
59.2741,0,100,88.7265,0,0
59.2915,0,100,88.7458,0,0
59.3082,0,100,88.7652,0,0
59.3255,0,100,88.7845,0,0
59.3429,0,100,88.8039,0,0
59.3637,0,100,88.8232,0,0
59.3816,0,100,88.8424,0,0
59.3989,0,100,88.8617,0,0
59.4164,0,100,88.881,0,0
59.4337,0,100,88.9004,0,0
59.4511,0,100,88.9197,0,0
59.4685,0,100,88.939,0,0
59.4859,0,100,88.9584,0,0
59.5033,0,100,88.9777,0,0
59.5207,0,100,88.997,0,0
59.5383,0,100,89.0164,0,0
59.5558,0,100,89.0357,0,0
59.5724,0,100,89.055,0,0
59.5898,0,100,89.0744,0,0
59.6072,0,100,89.0937,0,0
59.6245,0,100,89.1131,0,0
59.6419,0,100,89.1324,0,0
59.6592,0,100,89.1517,0,0
59.6766,0,100,89.1711,0,0
59.6939,0,100,89.1904,0,0
59.7149,0,100,89.2097,0,0
59.7323,0,100,89.2289,0,0
59.7501,0,100,89.2482,0,0
59.7675,0,100,89.2676,0,0
59.7848,0,100,89.2869,0,0
59.8023,0,100,89.3062,0,0
59.8197,0,100,89.3255,0,0
59.8371,0,100,89.3449,0,0
59.8546,0,100,89.3642,0,0
59.8726,0,100,89.3835,0,0
59.89,0,100,89.4028,0,0
59.9075,0,100,89.4221,0,0
59.925,0,100,89.4415,0,0
59.9424,0,100,89.4608,0,0
59.9599,0,100,89.4801,0,0
59.982,0,100,89.4994,0,0
59.9994,0,100,89.5186,0,0
60.0168,0,100,89.5379,0,0
60.0342,0,100,89.5572,0,0
60.0516,0,100,89.5766,0,0
60.0691,0,100,89.5959,0,0
60.0865,0,100,89.6152,0,0
60.1033,0,100,89.6345,0,0
60.1207,0,100,89.6539,0,0
60.1383,0,100,89.6732,0,0
60.1557,0,100,89.6925,0,0
60.1735,0,100,89.7119,0,0
60.191,0,100,89.7312,0,0
60.2085,0,100,89.7505,0,0
60.226,0,100,89.7698,0,0
60.2435,0,100,89.7891,0,0
60.2651,0,100,89.8084,0,0
60.2839,0,100,89.8276,0,0
60.3014,0,100,89.8469,0,0
60.3189,0,100,89.8662,0,0
60.3365,0,100,89.8855,0,0
60.353,0,100,89.9048,0,0
60.3705,0,100,89.9242,0,0
60.3881,0,100,89.9435,0,0
60.4054,0,100,89.9628,0,0
60.4229,0,100,89.9821,0,0
60.4403,0,100,90.0015,0,0
60.4578,0,100,90.0208,0,0
60.4757,0,100,90.0401,0,0
60.4932,0,100,90.0594,0,0
60.5153,0,100,90.0787,0,0
60.5327,0,100,90.0978,0,0
60.5503,0,100,90.1172,0,0
60.5677,0,100,90.1365,0,0
60.5855,0,100,90.1558,0,0
60.603,0,100,90.1751,0,0
60.6204,0,100,90.1944,0,0
60.6382,0,100,90.2137,0,0
60.6556,0,100,90.233,0,0
60.6732,0,100,90.2523,0,0
60.6907,0,100,90.2717,0,0
60.7084,0,100,90.291,0,0
60.726,0,100,90.3103,0,0
60.749,0,100,90.3296,0,0
60.7667,0,100,90.3487,0,0
60.785,0,100,90.368,0,0
60.8037,0,100,90.3873,0,0
60.8214,0,100,90.4065,0,0
60.8395,0,100,90.4258,0,0
60.8579,0,100,90.4451,0,0
60.8755,0,100,90.4644,0,0
60.8931,0,100,90.4837,0,0
60.9164,0,100,90.503,0,0
60.9339,0,100,90.5221,0,0
60.9514,0,100,90.5414,0,0
60.9688,0,100,90.5607,0,0
60.9864,0,100,90.58,0,0
61.0039,0,100,90.5994,0,0
61.0216,0,100,90.6187,0,0
61.0391,0,100,90.638,0,0
61.0567,0,100,90.6573,0,0
61.0742,0,100,90.6766,0,0
61.0918,0,100,90.6959,0,0
61.1093,0,100,90.7152,0,0
61.1269,0,100,90.7345,0,0
61.1499,0,100,90.7538,0,0
61.1675,0,100,90.7729,0,0
61.1851,0,100,90.7922,0,0
61.2033,0,100,90.8115,0,0
61.2216,0,100,90.8308,0,0
61.2403,0,100,90.8501,0,0
61.259,0,100,90.8694,0,0
61.2837,0,100,90.8886,0,0
61.3018,0,100,90.9076,0,0
61.32,0,100,90.9269,0,0
61.3383,0,100,90.9462,0,0
61.3565,0,100,90.9655,0,0
61.3742,0,100,90.9847,0,0
61.3917,0,100,91.0041,0,0
61.4093,0,100,91.0234,0,0
61.4294,0,100,91.0427,0,0
61.449,0,100,91.0619,0,0
61.4654,0,100,91.0811,0,0
61.4829,0,100,91.1004,0,0
61.5003,0,100,91.1197,0,0
61.518,0,100,91.1391,0,0
61.5363,0,100,91.1583,0,0
61.5539,0,100,91.1776,0,0
61.5715,0,100,91.1969,0,0
61.5892,0,100,91.2162,0,0
61.6068,0,100,91.2355,0,0
61.6244,0,100,91.2548,0,0
61.6421,0,100,91.2741,0,0
61.6597,0,100,91.2934,0,0
61.6815,0,100,91.3127,0,0
61.6994,0,100,91.3319,0,0
61.7183,0,100,91.3511,0,0
61.736,0,100,91.3704,0,0
61.7536,0,100,91.3897,0,0
61.7714,0,100,91.409,0,0
61.7893,0,100,91.4283,0,0
61.807,0,100,91.4476,0,0
61.8246,0,100,91.4669,0,0
61.8423,0,100,91.4862,0,0
61.8603,0,100,91.5054,0,0
61.881,0,100,91.5247,0,0
61.8993,0,100,91.5439,0,0
61.9174,0,100,91.5632,0,0
61.9354,0,100,91.5825,0,0
61.9531,0,100,91.6017,0,0
61.9708,0,100,91.621,0,0
61.9885,0,100,91.6403,0,0
62.0062,0,100,91.6596,0,0
62.024,0,100,91.6789,0,0
62.0419,0,100,91.6982,0,0
62.0596,0,100,91.7175,0,0
62.0828,0,100,91.7368,0,0
62.1004,0,100,91.7558,0,0
62.1183,0,100,91.7751,0,0
62.1361,0,100,91.7944,0,0
62.1538,0,100,91.8137,0,0
62.1721,0,100,91.833,0,0
62.1897,0,100,91.8522,0,0
62.2079,0,100,91.8715,0,0
62.2262,0,100,91.8908,0,0
62.2486,0,100,91.9101,0,0
62.2663,0,100,91.9292,0,0
62.2842,0,100,91.9485,0,0
62.3019,0,100,91.9677,0,0
62.3192,0,100,91.987,0,0
62.3368,0,100,92.0063,0,0
62.3533,0,100,92.0256,0,0
62.3703,0,100,92.045,0,0
62.3873,0,100,92.0643,0,0
62.4052,0,100,92.0836,0,0
62.4228,0,100,92.1029,0,0
62.4403,0,100,92.1222,0,0
62.4578,0,100,92.1415,0,0
62.4753,0,100,92.1608,0,0
62.4929,0,100,92.18,0,0
62.5162,0,100,92.1993,0,0
62.5335,0,100,92.2184,0,0
62.5509,0,100,92.2377,0,0
62.5682,0,100,92.257,0,0
62.5856,0,100,92.2763,0,0
62.6035,0,100,92.2956,0,0
62.6209,0,100,92.3149,0,0
62.6382,0,100,92.3342,0,0
62.6557,0,100,92.3535,0,0
62.6731,0,100,92.3728,0,0
62.6905,0,100,92.3921,0,0
62.708,0,100,92.4114,0,0
62.7259,0,100,92.4307,0,0
62.7434,0,100,92.4499,0,0
62.7626,0,100,92.4692,0,0
62.7801,0,100,92.4884,0,0
62.7976,0,100,92.5077,0,0
62.8153,0,100,92.527,0,0
62.8327,0,100,92.5463,0,0
62.8501,0,100,92.5656,0,0
62.8675,0,100,92.5849,0,0
62.8849,0,100,92.6042,0,0
62.9023,0,100,92.6235,0,0
62.9198,0,100,92.6428,0,0
62.9375,0,100,92.6621,0,0
62.955,0,100,92.6813,0,0
62.9725,0,100,92.7006,0,0
62.99,0,100,92.7199,0,0
63.0074,0,100,92.7392,0,0
63.0248,0,100,92.7585,0,0
63.0424,0,100,92.7778,0,0
63.064,0,100,92.7971,0,0
63.0816,0,100,92.8162,0,0
63.0991,0,100,92.8355,0,0
63.1168,0,100,92.8548,0,0
63.1343,0,100,92.8741,0,0
63.1518,0,100,92.8933,0,0
63.1692,0,100,92.9126,0,0
63.1866,0,100,92.9319,0,0
63.2055,0,100,92.9512,0,0
63.223,0,100,92.9704,0,0
63.2403,0,100,92.9897,0,0
63.2578,0,100,93.009,0,0
63.2754,0,100,93.0283,0,0
63.2928,0,100,93.0476,0,0
63.3145,0,100,93.0669,0,0
63.332,0,100,93.086,0,0
63.3496,0,100,93.1053,0,0
63.3684,0,100,93.1246,0,0
63.3862,0,100,93.1438,0,0
63.4035,0,100,93.1631,0,0
63.4203,0,100,93.1824,0,0
63.4378,0,100,93.2017,0,0
63.4552,0,100,93.221,0,0
63.472,0,100,93.2402,0,0
63.4894,0,100,93.2596,0,0
63.5069,0,100,93.2788,0,0
63.5245,0,100,93.2981,0,0
63.5419,0,100,93.3174,0,0
63.5594,0,100,93.3367,0,0
63.5768,0,100,93.356,0,0
63.5971,0,100,93.3753,0,0
63.6146,0,100,93.3944,0,0
63.632,0,100,93.4137,0,0
63.6494,0,100,93.433,0,0
63.6668,0,100,93.4523,0,0
63.6842,0,100,93.4716,0,0
63.7016,0,100,93.4909,0,0
63.7191,0,100,93.5101,0,0
63.7369,0,100,93.5294,0,0
63.7543,0,100,